algoritmo,tipo_caso,n,m,repeticion,tiempo_seg,operaciones,memoria_kb,encontrado,long_camino
fuerza_bruta,mejor,4,6,0,1.9800005247816443e-05,3,0.3125,True,4
fuerza_bruta,mejor,4,6,1,1.8699996871873736e-05,3,0.3125,True,4
fuerza_bruta,mejor,4,6,2,7.90000194683671e-06,3,0.3125,True,4
fuerza_bruta,mejor,4,6,3,6.499998562503606e-06,3,0.3125,True,4
fuerza_bruta,mejor,4,6,4,6.599999323952943e-06,3,0.3125,True,4
fuerza_bruta,mejor,5,10,0,6.599999323952943e-06,4,0.359375,True,5
fuerza_bruta,mejor,5,10,1,7.199996616691351e-06,4,0.359375,True,5
fuerza_bruta,mejor,5,10,2,6.200003554113209e-06,4,0.359375,True,5
fuerza_bruta,mejor,5,10,3,6.499998562503606e-06,4,0.359375,True,5
fuerza_bruta,mejor,5,10,4,6.499998562503606e-06,4,0.359375,True,5
fuerza_bruta,mejor,6,15,0,5.599998985417187e-06,5,0.375,True,6
fuerza_bruta,mejor,6,15,1,6.200003554113209e-06,5,0.375,True,6
fuerza_bruta,mejor,6,15,2,6.399997801054269e-06,5,0.375,True,6
fuerza_bruta,mejor,6,15,3,6.000002031214535e-06,5,0.375,True,6
fuerza_bruta,mejor,6,15,4,6.399997801054269e-06,5,0.375,True,6
fuerza_bruta,mejor,7,21,0,6.000002031214535e-06,6,0.421875,True,7
fuerza_bruta,mejor,7,21,1,3.4699995012488216e-05,6,0.421875,True,7
fuerza_bruta,mejor,7,21,2,1.1800002539530396e-05,6,0.421875,True,7
fuerza_bruta,mejor,7,21,3,1.049999991664663e-05,6,0.421875,True,7
fuerza_bruta,mejor,7,21,4,8.800001523923129e-06,6,0.421875,True,7
fuerza_bruta,mejor,8,28,0,9.399998816661537e-06,7,0.4375,True,8
fuerza_bruta,mejor,8,28,1,9.899995347950608e-06,7,0.4375,True,8
fuerza_bruta,mejor,8,28,2,9.499999578110874e-06,7,0.4375,True,8
fuerza_bruta,mejor,8,28,3,9.099996532313526e-06,7,0.4375,True,8
fuerza_bruta,mejor,8,28,4,0.00017430000298190862,7,0.4375,True,8
fuerza_bruta,mejor,9,36,0,7.599999662488699e-06,8,0.484375,True,9
fuerza_bruta,mejor,9,36,1,8.900002285372466e-06,8,0.484375,True,9
fuerza_bruta,mejor,9,36,2,9.2999980552122e-06,8,0.484375,True,9
fuerza_bruta,mejor,9,36,3,3.9999998989515007e-05,8,0.484375,True,9
fuerza_bruta,mejor,9,36,4,3.1100003980100155e-05,8,0.484375,True,9
fuerza_bruta,mejor,10,45,0,5.089999467600137e-05,9,0.5,True,10
fuerza_bruta,mejor,10,45,1,4.86999997519888e-05,9,0.5,True,10
fuerza_bruta,mejor,10,45,2,1.1100004485342652e-05,9,0.5,True,10
fuerza_bruta,mejor,10,45,3,1.290000363951549e-05,9,0.5,True,10
fuerza_bruta,mejor,10,45,4,8.000002708286047e-06,9,0.5,True,10
fuerza_bruta,mejor,11,55,0,1.4099998224992305e-05,10,0.546875,True,11
fuerza_bruta,mejor,11,55,1,9.60000033956021e-06,10,0.546875,True,11
fuerza_bruta,mejor,11,55,2,1.5700003132224083e-05,10,0.546875,True,11
fuerza_bruta,mejor,11,55,3,9.399998816661537e-06,10,0.546875,True,11
fuerza_bruta,mejor,11,55,4,9.399998816661537e-06,10,0.546875,True,11
fuerza_bruta,peor,4,3,0,2.010000025620684e-05,42,0.3046875,False,0
fuerza_bruta,peor,4,3,1,2.5600005756132305e-05,42,0.3046875,False,0
fuerza_bruta,peor,4,3,2,2.149999636458233e-05,42,0.3046875,False,0
fuerza_bruta,peor,4,3,3,5.7900004321709275e-05,42,0.3046875,False,0
fuerza_bruta,peor,4,3,4,2.099999983329326e-05,42,0.3046875,False,0
fuerza_bruta,peor,5,4,0,7.439999899361283e-05,192,0.3359375,False,0
fuerza_bruta,peor,5,4,1,8.940000407164916e-05,192,0.3359375,False,0
fuerza_bruta,peor,5,4,2,8.619999425718561e-05,192,0.3359375,False,0
fuerza_bruta,peor,5,4,3,9.06000059330836e-05,192,0.3359375,False,0
fuerza_bruta,peor,5,4,4,8.750000415602699e-05,192,0.3359375,False,0
fuerza_bruta,peor,6,8,0,0.0005608999999822117,1440,0.3515625,False,0
fuerza_bruta,peor,6,8,1,0.000513600003614556,1440,0.3515625,False,0
fuerza_bruta,peor,6,8,2,0.0009325999999418855,1440,0.3515625,False,0
fuerza_bruta,peor,6,8,3,0.000538200001756195,1440,0.3515625,False,0
fuerza_bruta,peor,6,8,4,0.0005080000046291389,1440,0.3515625,False,0
fuerza_bruta,peor,7,10,0,0.0052143000066280365,9360,1.0185546875,False,0
fuerza_bruta,peor,7,10,1,0.004107300002942793,9360,0.3828125,False,0
fuerza_bruta,peor,7,10,2,0.0034544000009191222,9360,0.3828125,False,0
fuerza_bruta,peor,7,10,3,0.008156000003509689,9360,0.3828125,False,0
fuerza_bruta,peor,7,10,4,0.0034728999962680973,9360,0.3828125,False,0
fuerza_bruta,peor,8,15,0,0.04085540000232868,83520,0.3984375,False,0
fuerza_bruta,peor,8,15,1,0.031081399996764958,83520,0.3984375,False,0
fuerza_bruta,peor,8,15,2,0.04048930000135442,83520,0.3984375,False,0
fuerza_bruta,peor,8,15,3,0.029646200004208367,83520,0.3984375,False,0
fuerza_bruta,peor,8,15,4,0.0392993000059505,83520,0.3984375,False,0
fuerza_bruta,peor,9,18,0,0.2043506999980309,712800,0.4296875,False,0
fuerza_bruta,peor,9,18,1,0.26964439999574097,712800,0.4296875,False,0
fuerza_bruta,peor,9,18,2,0.2279396000012639,712800,0.4296875,False,0
fuerza_bruta,peor,9,18,3,0.24003419999644393,712800,1.265625,False,0
fuerza_bruta,peor,9,18,4,0.30053010000119684,712800,0.4296875,False,0
fuerza_bruta,peor,10,24,0,1.730252900000778,7568640,1.53125,False,0
fuerza_bruta,peor,10,24,1,1.811090700000932,7568640,0.4453125,False,0
fuerza_bruta,peor,10,24,2,1.6828223999982583,7568640,1.265625,False,0
fuerza_bruta,peor,10,24,3,1.909726199999568,7568640,1.28125,False,0
fuerza_bruta,peor,10,24,4,1.8493737000026158,7568640,1.28125,False,0
fuerza_bruta,promedio,4,2,0,1.1399999493733048e-05,32,0.3046875,False,0
fuerza_bruta,promedio,4,3,1,1.2700002116616815e-05,42,0.3046875,False,0
fuerza_bruta,promedio,4,2,2,1.2099997547920793e-05,34,0.3046875,False,0
fuerza_bruta,promedio,4,4,3,4.699999408330768e-06,5,0.3125,True,4
fuerza_bruta,promedio,4,2,4,1.1300006008241326e-05,34,0.3046875,False,0
fuerza_bruta,promedio,5,9,0,4.499997885432094e-06,8,0.359375,True,5
fuerza_bruta,promedio,5,2,1,4.0400002035312355e-05,148,0.3359375,False,0
fuerza_bruta,promedio,5,6,2,3.7999998312443495e-06,4,0.359375,True,5
fuerza_bruta,promedio,5,2,3,4.060000355821103e-05,148,0.3359375,False,0
fuerza_bruta,promedio,5,6,4,5.399997462518513e-06,11,0.359375,True,5
fuerza_bruta,promedio,6,6,0,0.0003082000039285049,1184,0.3515625,False,0
fuerza_bruta,promedio,6,4,1,0.00042559999565128237,976,0.3515625,False,0
fuerza_bruta,promedio,6,8,2,4.350000381236896e-05,176,0.375,True,6
fuerza_bruta,promedio,6,6,3,9.99000039882958e-05,429,0.375,True,6
fuerza_bruta,promedio,6,9,4,5.200003215577453e-06,11,0.375,True,6
fuerza_bruta,promedio,7,11,0,7.019999611657113e-05,352,0.421875,True,7
fuerza_bruta,promedio,7,11,1,0.0006118999954196624,2985,0.421875,True,7
fuerza_bruta,promedio,7,9,2,1.8799997633323073e-05,54,0.421875,True,7
fuerza_bruta,promedio,7,12,3,9.929999941959977e-05,403,0.421875,True,7
fuerza_bruta,promedio,7,10,4,0.0002553000012994744,1067,0.421875,True,7
fuerza_bruta,promedio,8,13,0,0.0010117000056197867,4997,0.4375,True,8
fuerza_bruta,promedio,8,19,1,2.300000051036477e-05,93,0.4375,True,8
fuerza_bruta,promedio,8,14,2,0.0005937999958405271,2381,0.4375,True,8
fuerza_bruta,promedio,8,15,3,0.0024762999964877963,9359,0.4375,True,8
fuerza_bruta,promedio,8,15,4,0.00023050000163493678,1134,0.4375,True,8
fuerza_bruta,promedio,9,14,0,0.018598299997393042,82091,0.484375,True,9
fuerza_bruta,promedio,9,22,1,7.650000043213367e-05,368,0.484375,True,9
fuerza_bruta,promedio,9,16,2,0.0014347999967867509,5108,0.484375,True,9
fuerza_bruta,promedio,9,14,3,0.00037290000182110816,1971,3.318359375,True,9
fuerza_bruta,promedio,9,18,4,0.020511700000497513,99676,0.6005859375,True,9
fuerza_bruta,promedio,10,23,0,0.018318999995244667,64631,0.5,True,10
fuerza_bruta,promedio,10,21,1,0.09303709999949206,359621,0.5,True,10
fuerza_bruta,promedio,10,28,2,0.028183799993712455,101593,0.5,True,10
fuerza_bruta,promedio,10,23,3,0.077173199999379,232357,0.5,True,10
fuerza_bruta,promedio,10,22,4,0.000131200002215337,738,0.5,True,10
fuerza_bruta,promedio,11,30,0,0.34073630000057165,809510,1.3125,True,11
fuerza_bruta,promedio,11,24,1,0.08298720000311732,237178,0.546875,True,11
fuerza_bruta,promedio,11,30,2,0.14789059999748133,383913,0.546875,True,11
fuerza_bruta,promedio,11,35,3,0.048079199994390365,162896,0.546875,True,11
fuerza_bruta,promedio,11,24,4,0.25006130000110716,821562,0.546875,True,11
backtracking,mejor,4,6,0,7.100003131199628e-06,9,1.0078125,True,4
backtracking,mejor,4,6,1,1.2600001355167478e-05,9,1.0703125,True,4
backtracking,mejor,4,6,2,9.500006854068488e-06,9,1.0703125,True,4
backtracking,mejor,4,6,3,5.699999746866524e-06,9,1.0703125,True,4
backtracking,mejor,4,6,4,5.399997462518513e-06,9,1.0703125,True,4
backtracking,mejor,5,10,0,5.49999822396785e-06,16,1.5703125,True,5
backtracking,mejor,5,10,1,5.800000508315861e-06,16,1.5703125,True,5
backtracking,mejor,5,10,2,5.800000508315861e-06,16,1.5703125,True,5
backtracking,mejor,5,10,3,6.000002031214535e-06,16,1.5703125,True,5
backtracking,mejor,5,10,4,5.800000508315861e-06,16,1.5703125,True,5
backtracking,mejor,6,15,0,6.400005077011883e-06,25,1.8203125,True,6
backtracking,mejor,6,15,1,6.70000008540228e-06,25,1.8203125,True,6
backtracking,mejor,6,15,2,6.599999323952943e-06,25,1.8203125,True,6
backtracking,mejor,6,15,3,6.50000583846122e-06,25,1.8203125,True,6
backtracking,mejor,6,15,4,7.100003131199628e-06,25,1.8203125,True,6
backtracking,mejor,7,21,0,7.099995855242014e-06,36,1.9296875,True,7
backtracking,mejor,7,21,1,7.499998901039362e-06,36,1.9296875,True,7
backtracking,mejor,7,21,2,7.599999662488699e-06,36,1.9296875,True,7
backtracking,mejor,7,21,3,7.299997378140688e-06,36,1.9296875,True,7
backtracking,mejor,7,21,4,7.399998139590025e-06,36,1.9296875,True,7
backtracking,mejor,8,28,0,8.09999619377777e-06,49,2.1328125,True,8
backtracking,mejor,8,28,1,7.999995432328433e-06,49,2.1328125,True,8
backtracking,mejor,8,28,2,8.39999847812578e-06,49,2.1328125,True,8
backtracking,mejor,8,28,3,8.09999619377777e-06,49,2.1328125,True,8
backtracking,mejor,8,28,4,8.199996955227107e-06,49,2.1328125,True,8
backtracking,mejor,9,36,0,8.700000762473792e-06,64,2.2578125,True,9
backtracking,mejor,9,36,1,9.2999980552122e-06,64,2.2578125,True,9
backtracking,mejor,9,36,2,0.00013839999883202836,64,2.1953125,True,9
backtracking,mejor,9,36,3,9.399998816661537e-06,64,2.1953125,True,9
backtracking,mejor,9,36,4,8.999995770864189e-06,64,2.1953125,True,9
backtracking,mejor,10,45,0,9.10000380827114e-06,81,2.5078125,True,10
backtracking,mejor,10,45,1,9.800001862458885e-06,81,2.5078125,True,10
backtracking,mejor,10,45,2,9.60000033956021e-06,81,2.5078125,True,10
backtracking,mejor,10,45,3,9.700001101009548e-06,81,2.5078125,True,10
backtracking,mejor,10,45,4,9.60000033956021e-06,81,2.5078125,True,10
backtracking,mejor,11,55,0,1.0200004908256233e-05,100,2.6484375,True,11
backtracking,mejor,11,55,1,1.1000003723893315e-05,100,2.6484375,True,11
backtracking,mejor,11,55,2,1.0700001439545304e-05,100,2.6484375,True,11
backtracking,mejor,11,55,3,1.0600000678095967e-05,100,2.6484375,True,11
backtracking,mejor,11,55,4,1.0600000678095967e-05,100,2.6484375,True,11
backtracking,mejor,12,66,0,1.1099997209385037e-05,121,2.9453125,True,12
backtracking,mejor,12,66,1,1.170000177808106e-05,121,2.9453125,True,12
backtracking,mejor,12,66,2,1.9899998733308166e-05,121,2.9453125,True,12
backtracking,mejor,12,66,3,2.1000007109250873e-05,121,2.9453125,True,12
backtracking,mejor,12,66,4,2.179999864893034e-05,121,2.9453125,True,12
backtracking,mejor,13,78,0,1.769999653333798e-05,144,3.1015625,True,13
backtracking,mejor,13,78,1,2.1899999410379678e-05,144,3.1015625,True,13
backtracking,mejor,13,78,2,1.4099998224992305e-05,144,3.1015625,True,13
backtracking,mejor,13,78,3,1.889999839477241e-05,144,3.1015625,True,13
backtracking,mejor,13,78,4,1.2599994079209864e-05,144,3.1015625,True,13
backtracking,mejor,14,91,0,1.3500000932253897e-05,169,3.4453125,True,14
backtracking,mejor,14,91,1,1.3899996702093631e-05,169,3.4453125,True,14
backtracking,mejor,14,91,2,1.3600001693703234e-05,169,3.4453125,True,14
backtracking,mejor,14,91,3,1.3800003216601908e-05,169,3.4453125,True,14
backtracking,mejor,14,91,4,1.3699995179194957e-05,169,3.4453125,True,14
backtracking,mejor,15,105,0,1.3600001693703234e-05,196,3.6171875,True,15
backtracking,mejor,15,105,1,1.4899997040629387e-05,196,3.6171875,True,15
backtracking,mejor,15,105,2,1.4999997802078724e-05,196,3.6171875,True,15
backtracking,mejor,15,105,3,0.0001081000009435229,196,3.6171875,True,15
backtracking,mejor,15,105,4,1.4500001270789653e-05,196,3.6171875,True,15
backtracking,mejor,16,120,0,1.4899997040629387e-05,225,4.0078125,True,16
backtracking,mejor,16,120,1,1.5899997379165143e-05,225,4.0078125,True,16
backtracking,mejor,16,120,2,1.700000575510785e-05,225,4.0078125,True,16
backtracking,mejor,16,120,3,1.5400000847876072e-05,225,4.0078125,True,16
backtracking,mejor,16,120,4,1.5300000086426735e-05,225,4.0078125,True,16
backtracking,mejor,17,136,0,1.5799996617715806e-05,256,4.1953125,True,17
backtracking,mejor,17,136,1,1.720000000204891e-05,256,4.1953125,True,17
backtracking,mejor,17,136,2,1.7599995771888644e-05,256,4.1953125,True,17
backtracking,mejor,17,136,3,2.2600004740525037e-05,256,4.1953125,True,17
backtracking,mejor,17,136,4,1.7899998056236655e-05,256,4.1953125,True,17
backtracking,mejor,18,153,0,1.7300000763498247e-05,289,4.6953125,True,18
backtracking,mejor,18,153,1,1.8699996871873736e-05,289,4.6953125,True,18
backtracking,mejor,18,153,2,1.7899998056236655e-05,289,4.6953125,True,18
backtracking,mejor,18,153,3,1.7400001524947584e-05,289,4.6953125,True,18
backtracking,mejor,18,153,4,1.750000228639692e-05,289,4.6953125,True,18
backtracking,mejor,19,171,0,1.870000414783135e-05,324,6.8046875,True,19
backtracking,mejor,19,171,1,1.9899998733308166e-05,324,6.8046875,True,19
backtracking,mejor,19,171,2,2.0200001017656177e-05,324,6.8046875,True,19
backtracking,mejor,19,171,3,1.9299994164612144e-05,324,6.8046875,True,19
backtracking,mejor,19,171,4,2.559999848017469e-05,324,6.8046875,True,19
backtracking,mejor,20,190,0,3.309999738121405e-05,361,7.0859375,True,20
backtracking,mejor,20,190,1,2.1599997126031667e-05,361,7.0859375,True,20
backtracking,mejor,20,190,2,2.5200002710334957e-05,361,7.0859375,True,20
backtracking,mejor,20,190,3,2.25000039790757e-05,361,7.0859375,True,20
backtracking,mejor,20,190,4,2.2000000171829015e-05,361,7.0859375,True,20
backtracking,mejor,21,210,0,2.1200001356191933e-05,400,7.1015625,True,21
backtracking,mejor,21,210,1,2.2000000171829015e-05,400,7.1015625,True,21
backtracking,mejor,21,210,2,2.2400003217626363e-05,400,7.1015625,True,21
backtracking,mejor,21,210,3,2.179999864893034e-05,400,7.1015625,True,21
backtracking,mejor,21,210,4,2.2000000171829015e-05,400,7.1015625,True,21
backtracking,mejor,22,231,0,2.2499996703118086e-05,441,7.6328125,True,22
backtracking,mejor,22,231,1,2.42000023717992e-05,441,7.6328125,True,22
backtracking,mejor,22,231,2,2.2899999748915434e-05,441,7.6328125,True,22
backtracking,mejor,22,231,3,3.759999526664615e-05,441,7.6328125,True,22
backtracking,mejor,22,231,4,4.769999941345304e-05,441,7.6328125,True,22
backtracking,peor,4,3,0,1.9999999494757503e-05,24,0.9765625,False,0
backtracking,peor,4,3,1,2.220000169472769e-05,24,0.9765625,False,0
backtracking,peor,4,3,2,2.02999945031479e-05,24,0.9765625,False,0
backtracking,peor,4,3,3,2.25000039790757e-05,24,0.9765625,False,0
backtracking,peor,4,3,4,1.4999997802078724e-05,24,0.9765625,False,0
backtracking,peor,5,4,0,1.799999881768599e-05,40,1.2421875,False,0
backtracking,peor,5,4,1,1.870000414783135e-05,40,1.2421875,False,0
backtracking,peor,5,4,2,1.9099999917671084e-05,40,1.2421875,False,0
backtracking,peor,5,4,3,1.9400002202019095e-05,40,1.2421875,False,0
backtracking,peor,5,4,4,1.9099999917671084e-05,40,1.2421875,False,0
backtracking,peor,6,8,0,9.940000018104911e-05,384,1.6328125,False,0
backtracking,peor,6,8,1,0.00010029999975813553,384,1.6328125,False,0
backtracking,peor,6,8,2,0.00010090000432683155,384,1.6328125,False,0
backtracking,peor,6,8,3,0.00010130000009667128,384,1.6328125,False,0
backtracking,peor,6,8,4,0.00010049999400507659,384,1.6328125,False,0
backtracking,peor,7,10,0,0.00017939999816007912,740,1.6796875,False,0
backtracking,peor,7,10,1,0.00023349999537458643,740,1.6796875,False,0
backtracking,peor,7,10,2,0.00018249999993713573,740,1.6796875,False,0
backtracking,peor,7,10,3,0.0001813000053516589,740,1.6796875,False,0
backtracking,peor,7,10,4,0.00018109999655280262,740,1.6796875,False,0
backtracking,peor,8,15,0,0.0016049000041675754,8160,1.8984375,False,0
backtracking,peor,8,15,1,0.0018984999987878837,8160,1.8984375,False,0
backtracking,peor,8,15,2,0.0016864999997778796,8160,1.8984375,False,0
backtracking,peor,8,15,3,0.0019290999989607371,8160,1.8984375,False,0
backtracking,peor,8,15,4,0.0018189999973401427,8160,1.8984375,False,0
backtracking,peor,9,18,0,0.0036213999992469326,18504,1.9140625,False,0
backtracking,peor,9,18,1,0.0037836000046809204,18504,1.9140625,False,0
backtracking,peor,9,18,2,0.004675700001826044,18504,1.9140625,False,0
backtracking,peor,9,18,3,0.003852599998936057,18504,1.9140625,False,0
backtracking,peor,9,18,4,0.003950600003008731,18504,1.9140625,False,0
backtracking,peor,10,24,0,0.04795779999403749,251040,2.1484375,False,0
backtracking,peor,10,24,1,0.045845100001315586,251040,2.1484375,False,0
backtracking,peor,10,24,2,0.0571598999958951,251040,2.1484375,False,0
backtracking,peor,10,24,3,0.06194590000086464,251040,2.1484375,False,0
backtracking,peor,10,24,4,0.048313500003132503,251040,2.1484375,False,0
backtracking,peor,11,28,0,0.11205909999989672,659344,2.2265625,False,0
backtracking,peor,11,28,1,0.12119159999565454,659344,2.2265625,False,0
backtracking,peor,11,28,2,0.11248290000366978,659344,3.2890625,False,0
backtracking,peor,11,28,3,0.11468820000300184,659344,2.2265625,False,0
backtracking,peor,11,28,4,0.12058770000294317,659344,2.2265625,False,0
backtracking,peor,12,35,0,1.7813745999956154,10710840,3.859375,False,0
backtracking,peor,12,35,1,1.735478399998101,10710840,3.765625,False,0
backtracking,peor,12,35,2,1.7205220999967423,10710840,3.859375,False,0
backtracking,peor,12,35,3,1.6955898999949568,10710840,3.671875,False,0
backtracking,peor,12,35,4,2.0368382000015117,10710840,3.859375,False,0
backtracking,promedio,4,2,0,8.700000762473792e-06,8,0.8984375,False,0
backtracking,promedio,4,3,1,1.6500001947861165e-05,30,0.9609375,False,0
backtracking,promedio,4,2,2,1.0900002962443978e-05,12,0.9609375,False,0
backtracking,promedio,4,4,3,5.900001269765198e-06,6,0.9609375,True,4
backtracking,promedio,4,2,4,1.049999991664663e-05,12,0.9609375,False,0
backtracking,promedio,5,9,0,5.900001269765198e-06,14,1.5078125,True,5
backtracking,promedio,5,2,1,1.0899995686486363e-05,12,0.9765625,False,0
backtracking,promedio,5,6,2,6.399997801054269e-06,10,1.4921875,True,5
backtracking,promedio,5,2,3,1.0899995686486363e-05,12,0.9765625,False,0
backtracking,promedio,5,6,4,6.499998562503606e-06,10,1.5390625,True,5
backtracking,promedio,6,6,0,7.599999662488699e-05,150,1.6328125,False,0
backtracking,promedio,6,4,1,4.020000051241368e-05,56,1.2578125,False,0
backtracking,promedio,6,8,2,2.4400003894697875e-05,44,1.6796875,True,6
backtracking,promedio,6,6,3,3.190000279573724e-05,46,1.6171875,True,6
backtracking,promedio,6,9,4,9.199997293762863e-06,15,1.6640625,True,6
backtracking,promedio,7,11,0,1.960000372491777e-05,64,1.7578125,True,7
backtracking,promedio,7,11,1,9.88000028883107e-05,399,1.7734375,True,7
backtracking,promedio,7,9,2,9.500006854068488e-06,16,1.7421875,True,7
backtracking,promedio,7,12,3,1.720000000204891e-05,64,1.7734375,True,7
backtracking,promedio,7,10,4,2.6100002287421376e-05,93,1.7421875,True,7
backtracking,promedio,8,13,0,3.640000068116933e-05,145,1.8671875,True,8
backtracking,promedio,8,19,1,1.5600002370774746e-05,75,1.9296875,True,8
backtracking,promedio,8,14,2,2.0699997548945248e-05,76,1.8671875,True,8
backtracking,promedio,8,15,3,0.0001720000000204891,854,1.8671875,True,8
backtracking,promedio,8,15,4,2.2799998987466097e-05,87,1.8828125,True,8
backtracking,promedio,9,14,0,0.00015939999866532162,644,1.9140625,True,9
backtracking,promedio,9,22,1,1.049999991664663e-05,38,2.0390625,True,9
backtracking,promedio,9,16,2,8.899995009414852e-06,30,1.9609375,True,9
backtracking,promedio,9,14,3,9.099996532313526e-06,24,1.9296875,True,9
backtracking,promedio,9,18,4,0.0002758000046014786,1264,2.0234375,True,9
backtracking,promedio,10,23,0,0.00014039999950909987,810,2.1796875,True,10
backtracking,promedio,10,21,1,0.00046319999819388613,2320,2.1484375,True,10
backtracking,promedio,10,28,2,4.369999805931002e-05,237,2.2421875,True,10
backtracking,promedio,10,23,3,1.2299999070819467e-05,40,2.1484375,True,10
backtracking,promedio,10,22,4,2.300000051036477e-05,116,2.1640625,True,10
backtracking,promedio,11,30,0,1.720000000204891e-05,107,2.3359375,True,11
backtracking,promedio,11,24,1,1.080000220099464e-05,45,2.2734375,True,11
backtracking,promedio,11,30,2,1.7800004570744932e-05,104,2.3515625,True,11
backtracking,promedio,11,35,3,2.02999945031479e-05,115,2.3984375,True,11
backtracking,promedio,11,24,4,3.0499999411404133e-05,45,2.2578125,True,11
backtracking,promedio,12,37,0,0.00018119999731425196,68,2.4921875,True,12
backtracking,promedio,12,35,1,1.1500000255182385e-05,66,2.4765625,True,12
backtracking,promedio,12,29,2,0.00011069999891333282,658,2.3671875,True,12
backtracking,promedio,12,26,3,0.00015780000103404745,798,2.3515625,True,12
backtracking,promedio,12,32,4,1.8800004909280688e-05,108,2.4140625,True,12
backtracking,promedio,13,42,0,1.4400000509340316e-05,103,2.6328125,True,13
backtracking,promedio,13,45,1,1.189999602502212e-05,85,2.6953125,True,13
backtracking,promedio,13,36,2,3.0499999411404133e-05,178,2.5234375,True,13
backtracking,promedio,13,38,3,5.740000051446259e-05,388,2.6015625,True,13
backtracking,promedio,13,39,4,8.900000102585182e-05,618,2.6015625,True,13
backtracking,promedio,14,49,0,1.189999602502212e-05,89,2.7734375,True,14
backtracking,promedio,14,49,1,4.069999704370275e-05,160,2.8046875,True,14
backtracking,promedio,14,42,2,4.780000017490238e-05,358,2.6796875,True,14
backtracking,promedio,14,38,3,0.00011929999891435727,737,3.3359375,True,14
backtracking,promedio,14,42,4,4.739999712910503e-05,303,3.5234375,True,14
backtracking,promedio,15,52,0,1.5199999324977398e-05,121,2.8828125,True,15
backtracking,promedio,15,56,1,4.27999984822236e-05,346,2.9765625,True,15
backtracking,promedio,15,50,2,2.6599998818710446e-05,196,2.9140625,True,15
backtracking,promedio,15,58,3,2.4300003133248538e-05,188,3.0078125,True,15
backtracking,promedio,15,61,4,2.2400003217626363e-05,194,3.0390625,True,15
backtracking,promedio,16,62,0,0.0001880000054370612,1185,3.9453125,True,16
backtracking,promedio,16,53,1,3.2999996619764715e-05,101,2.9921875,True,16
backtracking,promedio,16,59,2,2.2000000171829015e-05,139,3.1015625,True,16
backtracking,promedio,16,73,3,1.6199999663513154e-05,135,3.2578125,True,16
backtracking,promedio,16,62,4,2.6400004571769387e-05,218,3.1484375,True,16
backtracking,promedio,17,64,0,1.5599995094817132e-05,119,3.1953125,True,17
backtracking,promedio,17,66,1,5.9799996961373836e-05,484,5.0546875,True,17
backtracking,promedio,17,68,2,1.6400001186411828e-05,131,3.2890625,True,17
backtracking,promedio,17,67,3,0.00015910000365693122,1359,3.7890625,True,17
backtracking,promedio,17,68,4,1.799999881768599e-05,152,3.3203125,True,17
backtracking,promedio,18,76,0,1.799999881768599e-05,171,5.4140625,True,18
backtracking,promedio,18,69,1,2.939999831141904e-05,247,5.1640625,True,18
backtracking,promedio,18,81,2,4.419999459059909e-05,402,4.0703125,True,18
backtracking,promedio,18,73,3,6.650000432273373e-05,550,3.9765625,True,18
backtracking,promedio,18,85,4,3.330000618007034e-05,311,4.1484375,True,18
backtracking,promedio,19,93,0,6.769999890821055e-05,669,5.4296875,True,19
backtracking,promedio,19,71,1,0.00023259999579750001,1968,5.3359375,True,19
backtracking,promedio,19,88,2,0.00014769999688724056,1465,5.3046875,True,19
backtracking,promedio,19,83,3,1.7799997294787318e-05,157,5.5859375,True,19
backtracking,promedio,19,81,4,1.9699997210409492e-05,177,5.4453125,True,19
backtracking,promedio,20,94,0,1.7300000763498247e-05,179,5.6484375,True,20
backtracking,promedio,20,90,1,0.00043169999844394624,4342,5.6015625,True,20
backtracking,promedio,20,96,2,7.74000000092201e-05,295,5.6953125,True,20
backtracking,promedio,20,83,3,4.5900000259280205e-05,218,5.5078125,True,20
backtracking,promedio,20,88,4,2.269999822601676e-05,195,5.5703125,True,20
backtracking,promedio,21,119,0,2.59000007645227e-05,229,5.9765625,True,21
backtracking,promedio,21,101,1,2.2900007024873048e-05,226,5.6640625,True,21
backtracking,promedio,21,101,2,2.370000584051013e-05,231,5.7265625,True,21
backtracking,promedio,21,109,3,3.9200000173877925e-05,375,5.7265625,True,21
backtracking,promedio,21,110,4,1.8799997633323073e-05,212,5.8515625,True,21
backtracking,promedio,22,123,0,1.960000372491777e-05,234,5.9140625,True,22
backtracking,promedio,22,103,1,2.529999619582668e-05,259,5.6796875,True,22
backtracking,promedio,22,109,2,3.9900005504023284e-05,397,5.7890625,True,22
backtracking,promedio,22,114,3,2.529999619582668e-05,220,5.7890625,True,22
backtracking,promedio,22,105,4,0.00011269999959040433,1119,5.7421875,True,22
rubin,mejor,4,6,0,2.2400003217626363e-05,63,2.3828125,True,4
rubin,mejor,4,6,1,2.2100000933278352e-05,63,2.3828125,True,4
rubin,mejor,4,6,2,2.0899999071843922e-05,63,2.3828125,True,4
rubin,mejor,4,6,3,2.0699997548945248e-05,63,2.3828125,True,4
rubin,mejor,4,6,4,2.1400002879090607e-05,63,2.3828125,True,4
rubin,mejor,5,10,0,2.8800001018680632e-05,128,3.6875,True,5
rubin,mejor,5,10,1,3.119999746559188e-05,128,3.609375,True,5
rubin,mejor,5,10,2,2.939999831141904e-05,128,3.609375,True,5
rubin,mejor,5,10,3,2.9800001357216388e-05,128,3.609375,True,5
rubin,mejor,5,10,4,3.149999974993989e-05,128,3.609375,True,5
rubin,mejor,6,15,0,3.879999712808058e-05,225,3.7578125,True,6
rubin,mejor,6,15,1,3.960000321967527e-05,225,3.7578125,True,6
rubin,mejor,6,15,2,4.099999932805076e-05,225,3.8359375,True,6
rubin,mejor,6,15,3,0.00011580000136746094,225,3.8359375,True,6
rubin,mejor,6,15,4,4.239999543642625e-05,225,3.8359375,True,6
rubin,mejor,7,21,0,5.1399998483248055e-05,360,3.9453125,True,7
rubin,mejor,7,21,1,5.4299998737405986e-05,360,3.9453125,True,7
rubin,mejor,7,21,2,5.300000339047983e-05,360,3.9453125,True,7
rubin,mejor,7,21,3,5.439999949885532e-05,360,3.9453125,True,7
rubin,mejor,7,21,4,5.2799994591623545e-05,360,3.9453125,True,7
rubin,mejor,8,28,0,6.600000051548705e-05,539,4.0859375,True,8
rubin,mejor,8,28,1,6.820000271545723e-05,539,4.0859375,True,8
rubin,mejor,8,28,2,0.0001556999995955266,539,4.0859375,True,8
rubin,mejor,8,28,3,0.00013999999646330252,539,4.0859375,True,8
rubin,mejor,8,28,4,0.00010820000170497224,539,4.0859375,True,8
rubin,mejor,9,36,0,8.930000331019983e-05,768,4.7109375,True,9
rubin,mejor,9,36,1,0.00013789999502478167,768,4.7109375,True,9
rubin,mejor,9,36,2,9.429999772692099e-05,768,4.7109375,True,9
rubin,mejor,9,36,3,9.040000441018492e-05,768,4.7109375,True,9
rubin,mejor,9,36,4,0.0002989000058732927,768,4.6328125,True,9
rubin,mejor,10,45,0,0.00010740000288933516,1053,4.8203125,True,10
rubin,mejor,10,45,1,0.00010869999823626131,1053,4.8203125,True,10
rubin,mejor,10,45,2,0.00010929999552899972,1053,4.8203125,True,10
rubin,mejor,10,45,3,0.00010910000128205866,1053,4.8203125,True,10
rubin,mejor,10,45,4,0.00010930000280495733,1053,4.8203125,True,10
rubin,mejor,11,55,0,0.00013320000289240852,1400,4.9609375,True,11
rubin,mejor,11,55,1,0.00013519999629352242,1400,4.9609375,True,11
rubin,mejor,11,55,2,0.00013380000018514693,1400,4.9609375,True,11
rubin,mejor,11,55,3,0.00013580000086221844,1400,4.9609375,True,11
rubin,mejor,11,55,4,0.0001340000017080456,1400,4.9609375,True,11
rubin,mejor,12,66,0,0.0002032999982475303,1815,5.1953125,True,12
rubin,mejor,12,66,1,0.00017549999756738544,1815,5.1953125,True,12
rubin,mejor,12,66,2,0.00016519999917363748,1815,5.1953125,True,12
rubin,mejor,12,66,3,0.0001644000003580004,1815,5.1953125,True,12
rubin,mejor,12,66,4,0.00017389999993611127,1815,5.1953125,True,12
rubin,mejor,13,78,0,0.0001934000028995797,2304,5.4140625,True,13
rubin,mejor,13,78,1,0.00019700000120792538,2304,5.4140625,True,13
rubin,mejor,13,78,2,0.0001947999990079552,2304,5.4140625,True,13
rubin,mejor,13,78,3,0.00020770000264747068,2304,5.4140625,True,13
rubin,mejor,13,78,4,0.00019740000425372273,2304,5.4140625,True,13
rubin,mejor,14,91,0,0.00026950000028591603,2873,5.6953125,True,14
rubin,mejor,14,91,1,0.0002956000025733374,2873,5.6953125,True,14
rubin,mejor,14,91,2,0.00023240000155055895,2873,5.6953125,True,14
rubin,mejor,14,91,3,0.00023779999901307747,2873,5.6953125,True,14
rubin,mejor,14,91,4,0.00023389999842038378,2873,5.6953125,True,14
rubin,mejor,15,105,0,0.00027039999986300245,3528,5.8671875,True,15
rubin,mejor,15,105,1,0.00028420000307960436,3528,5.8671875,True,15
rubin,mejor,15,105,2,0.0002884999994421378,3528,5.8671875,True,15
rubin,mejor,15,105,3,0.00027329999284120277,3528,5.8671875,True,15
rubin,mejor,15,105,4,0.0003899000003002584,3528,5.8671875,True,15
rubin,mejor,16,120,0,0.0003176000027451664,4275,6.1953125,True,16
rubin,mejor,16,120,1,0.0003395000021555461,4275,6.1953125,True,16
rubin,mejor,16,120,2,0.00031940000189933926,4275,6.1953125,True,16
rubin,mejor,16,120,3,0.0006016999977873638,4275,6.1953125,True,16
rubin,mejor,16,120,4,0.0003246000051149167,4275,6.1953125,True,16
rubin,mejor,17,136,0,0.0004712000009021722,5120,6.3828125,True,17
rubin,mejor,17,136,1,0.0004515000036917627,5120,6.3828125,True,17
rubin,mejor,17,136,2,0.0003904999975929968,5120,6.3828125,True,17
rubin,mejor,17,136,3,0.0003724000052898191,5120,6.3828125,True,17
rubin,mejor,17,136,4,0.0003806999957305379,5120,6.3828125,True,17
rubin,mejor,18,153,0,0.0004335999983595684,6069,6.7578125,True,18
rubin,mejor,18,153,1,0.0005315000016707927,6069,6.7578125,True,18
rubin,mejor,18,153,2,0.00043680000089807436,6069,6.7578125,True,18
rubin,mejor,18,153,3,0.0004364000051282346,6069,6.7578125,True,18
rubin,mejor,18,153,4,0.00043960000039078295,6069,6.7578125,True,18
rubin,mejor,19,171,0,0.000502099996083416,7128,8.7265625,True,19
rubin,mejor,19,171,1,0.0005004999984521419,7128,8.7265625,True,19
rubin,mejor,19,171,2,0.0004939000064041466,7128,8.7265625,True,19
rubin,mejor,19,171,3,0.000498699999297969,7128,8.7265625,True,19
rubin,mejor,19,171,4,0.0005010000022593886,7128,8.7265625,True,19
rubin,mejor,20,190,0,0.00079600000026403,8303,8.984375,True,20
rubin,mejor,20,190,1,0.0005773000011686236,8303,8.984375,True,20
rubin,mejor,20,190,2,0.0006014000027789734,8303,8.984375,True,20
rubin,mejor,20,190,3,0.0005581000004895031,8303,8.984375,True,20
rubin,mejor,20,190,4,0.0008226999998441897,8303,8.984375,True,20
rubin,mejor,21,210,0,0.0007413000057567842,9600,9.203125,True,21
rubin,mejor,21,210,1,0.0006472000022768043,9600,9.203125,True,21
rubin,mejor,21,210,2,0.0006290000019362196,9600,9.203125,True,21
rubin,mejor,21,210,3,0.000651299997116439,9600,11.0458984375,True,21
rubin,mejor,21,210,4,0.0006352999989758246,9600,9.203125,True,21
rubin,mejor,22,231,0,0.0007343999968725257,11025,9.453125,True,22
rubin,mejor,22,231,1,0.000887700000021141,11025,9.453125,True,22
rubin,mejor,22,231,2,0.0007339000003412366,11025,9.453125,True,22
rubin,mejor,22,231,3,0.0007075000030454248,11025,9.453125,True,22
rubin,mejor,22,231,4,0.000701599994499702,11025,9.453125,True,22
rubin,peor,4,3,0,1.2600001355167478e-05,8,1.75,False,0
rubin,peor,4,3,1,1.189999602502212e-05,8,1.75,False,0
rubin,peor,4,3,2,1.170000177808106e-05,8,2.4365234375,False,0
rubin,peor,4,3,3,2.4100001610349864e-05,8,1.75,False,0
rubin,peor,4,3,4,1.6600002709310502e-05,8,1.75,False,0
rubin,peor,5,4,0,2.1100000594742596e-05,10,2.265625,False,0
rubin,peor,5,4,1,2.2899999748915434e-05,10,2.265625,False,0
rubin,peor,5,4,2,2.2199994418770075e-05,10,2.265625,False,0
rubin,peor,5,4,3,2.179999864893034e-05,10,2.265625,False,0
rubin,peor,5,4,4,2.4400003894697875e-05,10,2.265625,False,0
rubin,peor,6,8,0,0.00017870000010589138,592,3.9453125,False,0
rubin,peor,6,8,1,0.0001795999996829778,592,3.9453125,False,0
rubin,peor,6,8,2,0.0001793000046745874,592,3.9453125,False,0
rubin,peor,6,8,3,0.00017980000120587647,592,3.9453125,False,0
rubin,peor,6,8,4,0.0001782000035746023,592,3.9453125,False,0
rubin,peor,7,10,0,0.000298700004350394,910,3.9921875,False,0
rubin,peor,7,10,1,0.00028530000417958945,910,3.9921875,False,0
rubin,peor,7,10,2,0.0003854000024148263,910,3.9921875,False,0
rubin,peor,7,10,3,0.0002657000004546717,910,3.9921875,False,0
rubin,peor,7,10,4,0.0002606999987619929,910,3.9921875,False,0
rubin,peor,8,15,0,0.003155400001560338,14520,4.4296875,False,0
rubin,peor,8,15,1,0.003247599997848738,14520,4.4296875,False,0
rubin,peor,8,15,2,0.0037202000021352433,14520,4.5703125,False,0
rubin,peor,8,15,3,0.0036670000044978224,14520,4.5078125,False,0
rubin,peor,8,15,4,0.0034838999999919906,14520,4.5078125,False,0
rubin,peor,9,18,0,0.0060974000007263385,25524,4.5546875,False,0
rubin,peor,9,18,1,0.006797699999879114,25524,4.5546875,False,0
rubin,peor,9,18,2,0.0063452000031247735,25524,4.5546875,False,0
rubin,peor,9,18,3,0.006183200006489642,25524,4.5546875,False,0
rubin,peor,9,18,4,0.005996100000629667,25524,4.4765625,False,0
rubin,peor,10,24,0,0.10518790000060108,450720,4.6171875,False,0
rubin,peor,10,24,1,0.09107440000661882,450720,4.6171875,False,0
rubin,peor,10,24,2,0.08475349999935133,450720,4.6171875,False,0
rubin,peor,10,24,3,0.12861880000127712,450720,4.6171875,False,0
rubin,peor,10,24,4,0.11989700000412995,450720,4.6171875,False,0
rubin,peor,11,28,0,0.3163140000033309,912688,4.6953125,False,0
rubin,peor,11,28,1,0.26362360000348417,912688,4.6953125,False,0
rubin,peor,11,28,2,0.18614039999374654,912688,5.625,False,0
rubin,peor,11,28,3,0.1827772999968147,912688,4.6953125,False,0
rubin,peor,11,28,4,0.24407649999920977,912688,4.6953125,False,0
rubin,peor,12,35,0,3.349761199999193,19215840,6.0,False,0
rubin,peor,12,35,1,3.4874391999983345,19215840,5.59375,False,0
rubin,peor,12,35,2,3.3243664000037825,19215840,5.8515625,False,0
rubin,peor,12,35,3,3.2629180000003544,19215840,5.6796875,False,0
rubin,peor,12,35,4,3.327953299994988,19215840,5.6640625,False,0
rubin,promedio,4,2,0,2.040000254055485e-05,8,1.75,False,0
rubin,promedio,4,3,1,2.61999957729131e-05,10,2.09375,False,0
rubin,promedio,4,2,2,1.550000160932541e-05,12,1.75,False,0
rubin,promedio,4,4,3,2.6899993827100843e-05,42,2.2734375,True,4
rubin,promedio,4,2,4,5.339999916031957e-05,10,1.75,False,0
rubin,promedio,5,9,0,5.559999408433214e-05,114,3.609375,True,5
rubin,promedio,5,2,1,1.8500002624932677e-05,9,2.265625,False,0
rubin,promedio,5,6,2,3.51999988197349e-05,82,3.609375,True,5
rubin,promedio,5,2,3,1.9400002202019095e-05,16,2.265625,False,0
rubin,promedio,5,6,4,3.0399998649954796e-05,74,3.609375,True,5
rubin,promedio,6,6,0,2.989999484270811e-05,60,3.140625,False,0
rubin,promedio,6,4,1,1.5100005839485675e-05,4,2.296875,False,0
rubin,promedio,6,8,2,5.9799996961373836e-05,162,3.9609375,True,6
rubin,promedio,6,6,3,6.9500005338341e-05,167,3.7265625,True,6
rubin,promedio,6,9,4,4.320000152802095e-05,141,3.7265625,True,6
rubin,promedio,7,11,0,6.70000008540228e-05,250,3.7890625,True,7
rubin,promedio,7,11,1,0.00026920000527752563,677,4.3046875,True,7
rubin,promedio,7,9,2,9.089999366551638e-05,166,3.8203125,True,7
rubin,promedio,7,12,3,8.439999510301277e-05,259,4.3359375,True,7
rubin,promedio,7,10,4,7.620000542374328e-05,193,3.7734375,True,7
rubin,promedio,8,13,0,0.00013380000018514693,375,4.1484375,True,8
rubin,promedio,8,19,1,0.00011130000348202884,421,3.9453125,True,8
rubin,promedio,8,14,2,0.00012830000196117908,338,4.4296875,True,8
rubin,promedio,8,15,3,0.0003767000016523525,975,4.4140625,True,8
rubin,promedio,8,15,4,0.00017159999697469175,360,4.4296875,True,8
rubin,promedio,9,14,0,0.00021370000467868522,830,4.4921875,True,9
rubin,promedio,9,22,1,9.390000195708126e-05,460,4.5703125,True,9
rubin,promedio,9,16,2,7.77000022935681e-05,346,4.5078125,True,9
rubin,promedio,9,14,3,7.570000161649659e-05,298,4.4921875,True,9
rubin,promedio,9,18,4,0.0004141000026720576,1861,4.5546875,True,9
rubin,promedio,10,23,0,0.00018420000560581684,962,4.6328125,True,10
rubin,promedio,10,21,1,0.000742000003810972,3524,4.6328125,True,10
rubin,promedio,10,28,2,0.0001548000000184402,764,4.6484375,True,10
rubin,promedio,10,23,3,0.00036330000148154795,562,4.6328125,True,10
rubin,promedio,10,22,4,0.00012200000492157415,628,4.6171875,True,10
rubin,promedio,11,30,0,0.00013719999697059393,914,4.7421875,True,11
rubin,promedio,11,24,1,0.00011410000297473744,587,4.7421875,True,11
rubin,promedio,11,30,2,0.0001370999962091446,809,4.7734375,True,11
rubin,promedio,11,35,3,0.00014199999714037403,964,4.8046875,True,11
rubin,promedio,11,24,4,0.0001362999973935075,655,4.7109375,True,11
rubin,promedio,12,37,0,0.00015770000027259812,1028,4.8984375,True,12
rubin,promedio,12,35,1,0.00015919999714242294,894,4.8984375,True,12
rubin,promedio,12,29,2,0.000552199999219738,2283,4.8984375,True,12
rubin,promedio,12,26,3,0.00040749999607214704,1362,4.8046875,True,12
rubin,promedio,12,32,4,0.00015899999561952427,958,4.8828125,True,12
rubin,promedio,13,42,0,0.00016850000247359276,1270,5.1015625,True,13
rubin,promedio,13,45,1,0.00016830000095069408,1273,5.1640625,True,13
rubin,promedio,13,36,2,0.0002091999995172955,1111,5.0546875,True,13
rubin,promedio,13,38,3,0.0002736999958870001,1278,5.0859375,True,13
rubin,promedio,13,39,4,0.0002966999963973649,1316,5.0859375,True,13
rubin,promedio,14,49,0,0.0002916999947046861,1583,5.2265625,True,14
rubin,promedio,14,49,1,0.0003171999996993691,1647,5.2265625,True,14
rubin,promedio,14,42,2,0.00031769999623065814,1624,5.1328125,True,14
rubin,promedio,14,38,3,0.0003839000055450015,1689,5.1484375,True,14
rubin,promedio,14,42,4,0.0002753000007942319,1298,5.1953125,True,14
rubin,promedio,15,52,0,0.0003049000006285496,1858,5.2890625,True,15
rubin,promedio,15,56,1,0.00046100000326987356,2426,5.3984375,True,15
rubin,promedio,15,50,2,0.00032300000020768493,1798,5.3671875,True,15
rubin,promedio,15,58,3,0.00035120000393362716,2009,5.4140625,True,15
rubin,promedio,15,61,4,0.0003541999976732768,2276,5.4453125,True,15
rubin,promedio,16,62,0,0.0005018000010750256,2627,5.5859375,True,16
rubin,promedio,16,53,1,0.0003297000002930872,1881,5.4296875,True,16
rubin,promedio,16,59,2,0.00035740000021178275,2000,5.5546875,True,16
rubin,promedio,16,73,3,0.00036530000215861946,2653,5.6484375,True,16
rubin,promedio,16,62,4,0.0003998000029241666,2149,5.5703125,True,16
rubin,promedio,17,64,0,0.0007100000002537854,2517,5.6171875,True,17
rubin,promedio,17,66,1,0.0004515000036917627,2640,5.7109375,True,17
rubin,promedio,17,68,2,0.00040950000402517617,2453,5.7421875,True,17
rubin,promedio,17,67,3,0.00031319999834522605,2532,5.6796875,True,17
rubin,promedio,17,68,4,0.0004450999986147508,2559,5.7265625,True,17
rubin,promedio,18,76,0,0.0005407999997260049,3030,5.8515625,True,18
rubin,promedio,18,69,1,0.0003319999959785491,2843,5.7578125,True,18
rubin,promedio,18,81,2,0.00036640000325860456,3397,5.8984375,True,18
rubin,promedio,18,73,3,0.0006162999998196028,4119,7.3515625,True,18
rubin,promedio,18,85,4,0.0007705999960307963,3789,5.9296875,True,18
rubin,promedio,19,93,0,0.0006340999971143901,4627,8.6640625,True,19
rubin,promedio,19,71,1,0.0005499999970197678,3520,8.6015625,True,19
rubin,promedio,19,88,2,0.000822000001790002,4613,8.6640625,True,19
rubin,promedio,19,83,3,0.0005193999968469143,3375,8.6640625,True,19
rubin,promedio,19,81,4,0.00048019999667303637,3304,8.6640625,True,19
rubin,promedio,20,94,0,0.0005620000010821968,4159,8.84375,True,20
rubin,promedio,20,90,1,0.000832799996715039,4907,8.84375,True,20
rubin,promedio,20,96,2,0.0005139999993843958,4376,8.8125,True,20
rubin,promedio,20,83,3,0.0004186000005574897,3599,8.84375,True,20
rubin,promedio,20,88,4,0.0004541000016615726,4001,8.8125,True,20
rubin,promedio,21,119,0,0.000607299996772781,5321,8.984375,True,21
rubin,promedio,21,101,1,0.0004881999993813224,4647,9.0,True,21
rubin,promedio,21,101,2,0.0006573999999091029,4817,8.953125,True,21
rubin,promedio,21,109,3,0.0006967999943299219,4825,9.0625,True,21
rubin,promedio,21,110,4,0.0005930999977863394,5000,9.0,True,21
rubin,promedio,22,123,0,0.0007060999996610917,5942,9.15625,True,22
rubin,promedio,22,103,1,0.0006720000019413419,5115,11.9169921875,True,22
rubin,promedio,22,109,2,0.000592199998209253,5196,9.203125,True,22
rubin,promedio,22,114,3,0.0007349000006797723,5434,9.125,True,22
rubin,promedio,22,105,4,0.0008277999950223602,5616,9.109375,True,22
prog_dinamica,mejor,4,6,0,3.480000304989517e-05,96,1.625,True,4
prog_dinamica,mejor,4,6,1,3.390000347280875e-05,96,1.625,True,4
prog_dinamica,mejor,4,6,2,3.8499994843732566e-05,96,1.625,True,4
prog_dinamica,mejor,4,6,3,3.279999509686604e-05,96,1.625,True,4
prog_dinamica,mejor,4,6,4,4.1200000850949436e-05,96,1.625,True,4
prog_dinamica,mejor,5,10,0,7.850000110920519e-05,320,3.390625,True,5
prog_dinamica,mejor,5,10,1,7.890000415500253e-05,320,3.390625,True,5
prog_dinamica,mejor,5,10,2,7.79999973019585e-05,320,3.390625,True,5
prog_dinamica,mejor,5,10,3,8.179999713320285e-05,320,3.390625,True,5
prog_dinamica,mejor,5,10,4,7.970000297063962e-05,320,3.390625,True,5
prog_dinamica,mejor,6,15,0,0.0001973999969777651,960,10.3046875,True,6
prog_dinamica,mejor,6,15,1,0.0002007000002777204,960,10.3046875,True,6
prog_dinamica,mejor,6,15,2,0.00020529999892460182,960,10.3046875,True,6
prog_dinamica,mejor,6,15,3,0.00019909999537048861,960,10.3046875,True,6
prog_dinamica,mejor,6,15,4,0.00025049999385373667,960,10.3046875,True,6
prog_dinamica,mejor,7,21,0,0.0007043000005069189,2688,26.3203125,True,7
prog_dinamica,mejor,7,21,1,0.0007483999943360686,2688,26.3203125,True,7
prog_dinamica,mejor,7,21,2,0.0005105000018374994,2688,26.3203125,True,7
prog_dinamica,mejor,7,21,3,0.000513600003614556,2688,26.3203125,True,7
prog_dinamica,mejor,7,21,4,0.0005144999959156848,2688,26.5224609375,True,7
prog_dinamica,mejor,8,28,0,0.0017470000020693988,7168,60.5078125,True,8
prog_dinamica,mejor,8,28,1,0.001312200001848396,7168,60.5078125,True,8
prog_dinamica,mejor,8,28,2,0.0015361999976448715,7168,60.5078125,True,8
prog_dinamica,mejor,8,28,3,0.001973300000827294,7168,60.5078125,True,8
prog_dinamica,mejor,8,28,4,0.0015190000049187802,7168,60.5078125,True,8
prog_dinamica,mejor,9,36,0,0.004094700001587626,18432,132.5859375,True,9
prog_dinamica,mejor,9,36,1,0.004401899997901637,18432,132.5859375,True,9
prog_dinamica,mejor,9,36,2,0.0032550999967497773,18432,132.5859375,True,9
prog_dinamica,mejor,9,36,3,0.0040709999957471155,18432,132.5859375,True,9
prog_dinamica,mejor,9,36,4,0.0031718000027467497,18432,132.5859375,True,9
prog_dinamica,mejor,10,45,0,0.010340000000724103,46080,285.6796875,True,10
prog_dinamica,mejor,10,45,1,0.008182900004612748,46080,285.6796875,True,10
prog_dinamica,mejor,10,45,2,0.007551700000476558,46080,285.6796875,True,10
prog_dinamica,mejor,10,45,3,0.008145699997839984,46080,285.6796875,True,10
prog_dinamica,mejor,10,45,4,0.00894469999911962,46080,285.6796875,True,10
prog_dinamica,mejor,11,55,0,0.019240500005253125,112640,608.3046875,True,11
prog_dinamica,mejor,11,55,1,0.01924009999493137,112640,608.3046875,True,11
prog_dinamica,mejor,11,55,2,0.023161099998105783,112640,608.3046875,True,11
prog_dinamica,mejor,11,55,3,0.026255500000843313,112640,608.3046875,True,11
prog_dinamica,mejor,11,55,4,0.020727199997054413,112640,608.3046875,True,11
prog_dinamica,mejor,12,66,0,0.06597139999939827,270336,1277.2421875,True,12
prog_dinamica,mejor,12,66,1,0.05681430000549881,270336,1277.2421875,True,12
prog_dinamica,mejor,12,66,2,0.06210819999978412,270336,1277.2421875,True,12
prog_dinamica,mejor,12,66,3,0.13031419999606442,270336,1277.2421875,True,12
prog_dinamica,mejor,12,66,4,0.05651729999954114,270336,1277.2421875,True,12
prog_dinamica,mejor,13,78,0,0.10168829999747686,638976,2689.125,True,13
prog_dinamica,mejor,13,78,1,0.1029835000008461,638976,2688.0078125,True,13
prog_dinamica,mejor,13,78,2,0.10924489999888465,638976,2688.0078125,True,13
prog_dinamica,mejor,13,78,3,0.09897240000282181,638976,2688.0078125,True,13
prog_dinamica,mejor,13,78,4,0.19037489999755053,638976,2688.0078125,True,13
prog_dinamica,mejor,14,91,0,0.2376866999984486,1490944,5639.5703125,True,14
prog_dinamica,mejor,14,91,1,0.23871130000043195,1490944,5639.5703125,True,14
prog_dinamica,mejor,14,91,2,0.39131759999872884,1490944,5639.5703125,True,14
prog_dinamica,mejor,14,91,3,0.24102839999977732,1490944,5639.5703125,True,14
prog_dinamica,mejor,14,91,4,0.24236889999883715,1490944,5639.625,True,14
prog_dinamica,mejor,15,105,0,0.5409555000005639,3440640,11804.3359375,True,15
prog_dinamica,mejor,15,105,1,0.5676086999956169,3440640,11803.4375,True,15
prog_dinamica,mejor,15,105,2,0.5431610000014189,3440640,11802.3984375,True,15
prog_dinamica,mejor,15,105,3,0.5512032999977237,3440640,11802.453125,True,15
prog_dinamica,mejor,15,105,4,0.5226716000033775,3440640,11803.5859375,True,15
prog_dinamica,mejor,16,120,0,1.2222580000016023,7864320,24649.515625,True,16
prog_dinamica,mejor,16,120,1,1.3333545999994385,7864320,24649.1015625,True,16
prog_dinamica,mejor,16,120,2,1.366413299998385,7864320,24648.65625,True,16
prog_dinamica,mejor,16,120,3,1.3385531000021729,7864320,24649.1015625,True,16
prog_dinamica,mejor,16,120,4,1.2959440999984508,7864320,24648.375,True,16
prog_dinamica,mejor,17,136,0,3.1128746999966097,17825792,51378.8671875,True,17
prog_dinamica,mejor,17,136,1,2.8887294999949518,17825792,51378.8125,True,17
prog_dinamica,mejor,17,136,2,2.8638334999996005,17825792,51379.1484375,True,17
prog_dinamica,mejor,17,136,3,4.064509499999986,17825792,51378.8125,True,17
prog_dinamica,mejor,17,136,4,3.038300400003209,17825792,51379.0390625,True,17
prog_dinamica,peor,4,3,0,1.8799997633323073e-05,24,1.625,False,0
prog_dinamica,peor,4,3,1,1.8600003386382014e-05,24,1.625,False,0
prog_dinamica,peor,4,3,2,1.8600003386382014e-05,24,1.625,False,0
prog_dinamica,peor,4,3,3,2.1599997126031667e-05,24,1.625,False,0
prog_dinamica,peor,4,3,4,1.889999839477241e-05,24,1.625,False,0
prog_dinamica,peor,5,4,0,2.9499999072868377e-05,40,3.390625,False,0
prog_dinamica,peor,5,4,1,2.9800001357216388e-05,40,3.390625,False,0
prog_dinamica,peor,5,4,2,2.9699993319809437e-05,40,3.390625,False,0
prog_dinamica,peor,5,4,3,6.579999899258837e-05,40,3.390625,False,0
prog_dinamica,peor,5,4,4,2.970000059576705e-05,40,3.390625,False,0
prog_dinamica,peor,6,8,0,8.340000204043463e-05,240,10.3046875,False,0
prog_dinamica,peor,6,8,1,9.019999561132863e-05,240,10.3046875,False,0
prog_dinamica,peor,6,8,2,8.489999891025946e-05,240,10.3046875,False,0
prog_dinamica,peor,6,8,3,0.00011300000187475234,240,10.3046875,False,0
prog_dinamica,peor,6,8,4,0.00012849999620812014,240,10.3046875,False,0
prog_dinamica,peor,7,10,0,0.0001576000067871064,420,26.3203125,False,0
prog_dinamica,peor,7,10,1,0.00015419999544974416,420,26.3203125,False,0
prog_dinamica,peor,7,10,2,0.0001919999995152466,420,26.3203125,False,0
prog_dinamica,peor,7,10,3,0.0001660999987507239,420,26.3203125,False,0
prog_dinamica,peor,7,10,4,0.00015310000162571669,420,26.3203125,False,0
prog_dinamica,peor,8,15,0,0.0004461999997147359,1680,60.5078125,False,0
prog_dinamica,peor,8,15,1,0.00044889999844599515,1680,60.5078125,False,0
prog_dinamica,peor,8,15,2,0.0004419000033522025,1680,60.5078125,False,0
prog_dinamica,peor,8,15,3,0.0005917999951634556,1680,60.5078125,False,0
prog_dinamica,peor,8,15,4,0.0004410999972606078,1680,60.5078125,False,0
prog_dinamica,peor,9,18,0,0.0008230000021285377,3024,132.5859375,False,0
prog_dinamica,peor,9,18,1,0.0010167000000365078,3024,132.5859375,False,0
prog_dinamica,peor,9,18,2,0.0008310999983223155,3024,132.5859375,False,0
prog_dinamica,peor,9,18,3,0.0008316000021295622,3024,132.5859375,False,0
prog_dinamica,peor,9,18,4,0.0008275000000139698,3024,132.5859375,False,0
prog_dinamica,peor,10,24,0,0.0023635000034119003,10080,285.6796875,False,0
prog_dinamica,peor,10,24,1,0.0023431000008713454,10080,285.6796875,False,0
prog_dinamica,peor,10,24,2,0.0038138000018079765,10080,285.6796875,False,0
prog_dinamica,peor,10,24,3,0.0032741999966674484,10080,285.6796875,False,0
prog_dinamica,peor,10,24,4,0.003823200000624638,10080,288.986328125,False,0
prog_dinamica,peor,11,28,0,0.004624399996828288,18480,608.3984375,False,0
prog_dinamica,peor,11,28,1,0.007190599993919022,18480,608.4365234375,False,0
prog_dinamica,peor,11,28,2,0.005055599998740945,18480,608.28125,False,0
prog_dinamica,peor,11,28,3,0.005047400001785718,18480,608.28125,False,0
prog_dinamica,peor,11,28,4,0.004803699994226918,18480,608.28125,False,0
prog_dinamica,peor,12,35,0,0.013173400002415292,55440,1277.21875,False,0
prog_dinamica,peor,12,35,1,0.012443600004189648,55440,1277.21875,False,0
prog_dinamica,peor,12,35,2,0.012914600003568921,55440,1277.21875,False,0
prog_dinamica,peor,12,35,3,0.013593100004072767,55440,1277.21875,False,0
prog_dinamica,peor,12,35,4,0.013062599995464552,55440,1277.21875,False,0
prog_dinamica,peor,13,40,0,0.037454999997862615,102960,2688.0390625,False,0
prog_dinamica,peor,13,40,1,0.027090399998996872,102960,2687.984375,False,0
prog_dinamica,peor,13,40,2,0.03698900000017602,102960,2687.984375,False,0
prog_dinamica,peor,13,40,3,0.03090449999581324,102960,2687.984375,False,0
prog_dinamica,peor,13,40,4,0.04100250000192318,102960,2687.984375,False,0
prog_dinamica,peor,14,48,0,0.18716139999742154,288288,5641.140625,False,0
prog_dinamica,peor,14,48,1,0.09373059999779798,288288,5639.546875,False,0
prog_dinamica,peor,14,48,2,0.07723260000057053,288288,5639.546875,False,0
prog_dinamica,peor,14,48,3,0.16148149999935413,288288,5639.546875,False,0
prog_dinamica,peor,14,48,4,0.08546940000087488,288288,5639.546875,False,0
prog_dinamica,peor,15,54,0,0.3399412999933702,540540,11802.375,False,0
prog_dinamica,peor,15,54,1,0.13469110000005458,540540,11804.0546875,False,0
prog_dinamica,peor,15,54,2,0.17598990000260528,540540,11802.375,False,0
prog_dinamica,peor,15,54,3,0.12943819999782136,540540,11802.375,False,0
prog_dinamica,peor,15,54,4,0.20493590000114636,540540,11802.375,False,0
prog_dinamica,peor,16,63,0,0.3208516999948188,1441440,24649.046875,False,0
prog_dinamica,peor,16,63,1,0.43321329999889713,1441440,24647.3671875,False,0
prog_dinamica,peor,16,63,2,0.39474260000133654,1441440,24649.1015625,False,0
prog_dinamica,peor,16,63,3,0.3147347999984049,1441440,24647.3671875,False,0
prog_dinamica,peor,16,63,4,0.397912800006452,1441440,24649.1015625,False,0
prog_dinamica,peor,17,70,0,0.7501107999996748,2722720,51378.125,False,0
prog_dinamica,peor,17,70,1,0.7513488000040525,2722720,51378.40625,False,0
prog_dinamica,peor,17,70,2,0.7495542000033311,2722720,51378.6484375,False,0
prog_dinamica,peor,17,70,3,3.2148576000035973,2722720,51378.125,False,0
prog_dinamica,peor,17,70,4,0.7948192999974708,2722720,51378.125,False,0
prog_dinamica,peor,18,80,0,1.7447020999970846,7001280,106915.6328125,False,0
prog_dinamica,peor,18,80,1,1.8869890999994823,7001280,106915.6171875,False,0
prog_dinamica,peor,18,80,2,2.1020874999958323,7001280,106915.6328125,False,0
prog_dinamica,peor,18,80,3,1.7816345999963232,7001280,106915.578125,False,0
prog_dinamica,peor,18,80,4,1.8425512999965576,7001280,106915.6328125,False,0
prog_dinamica,peor,19,88,0,4.05406789999688,13302432,222148.09375,False,0
prog_dinamica,peor,19,88,1,4.017945399995369,13302432,222148.375,False,0
prog_dinamica,peor,19,88,2,3.86372190000111,13302432,222148.09375,False,0
prog_dinamica,peor,19,88,3,3.6547789000032935,13302432,222148.375,False,0
prog_dinamica,peor,19,88,4,3.770067999997991,13302432,222148.09375,False,0
prog_dinamica,promedio,4,2,0,1.750000228639692e-05,8,1.625,False,0
prog_dinamica,promedio,4,3,1,2.0799998310394585e-05,24,1.625,False,0
prog_dinamica,promedio,4,2,2,1.85999961104244e-05,12,1.625,False,0
prog_dinamica,promedio,4,4,3,0.0006446999977924861,48,1.625,True,4
prog_dinamica,promedio,4,2,4,2.2600004740525037e-05,12,1.625,False,0
prog_dinamica,promedio,5,9,0,0.00011069999891333282,270,3.390625,True,5
prog_dinamica,promedio,5,2,1,2.8100002964492887e-05,12,3.390625,False,0
prog_dinamica,promedio,5,6,2,4.799999442184344e-05,112,3.390625,True,5
prog_dinamica,promedio,5,2,3,2.6699999580159783e-05,12,3.390625,False,0
prog_dinamica,promedio,5,6,4,0.0001294999965466559,122,3.390625,True,5
prog_dinamica,promedio,6,6,0,9.03999971342273e-05,110,10.3046875,False,0
prog_dinamica,promedio,6,4,1,7.280000136233866e-05,48,10.3046875,False,0
prog_dinamica,promedio,6,8,2,0.00014350000128615648,256,10.3046875,True,6
prog_dinamica,promedio,6,6,3,0.00012040000001434237,108,10.3046875,True,6
prog_dinamica,promedio,6,9,4,0.0016296999965561554,312,10.3046875,True,6
prog_dinamica,promedio,7,11,0,0.0002384999970672652,713,26.3203125,True,7
prog_dinamica,promedio,7,11,1,0.0003219999998691492,644,26.3203125,True,7
prog_dinamica,promedio,7,9,2,0.00018119999731425196,378,26.3203125,True,7
prog_dinamica,promedio,7,12,3,0.0002613000033306889,942,26.3203125,True,7
prog_dinamica,promedio,7,10,4,0.00018400000408291817,492,26.3203125,True,7
prog_dinamica,promedio,8,13,0,0.0004316000049584545,1250,60.5078125,True,8
prog_dinamica,promedio,8,19,1,0.000851400000101421,3835,60.5078125,True,8
prog_dinamica,promedio,8,14,2,0.000534200000402052,1802,60.5078125,True,8
prog_dinamica,promedio,8,15,3,0.0004804999989573844,1705,60.5078125,True,8
prog_dinamica,promedio,8,15,4,0.0005682999981218018,2034,60.5078125,True,8
prog_dinamica,promedio,9,14,0,0.0008669999951962382,1984,132.5859375,True,9
prog_dinamica,promedio,9,22,1,0.0020867999992333353,8643,132.5859375,True,9
prog_dinamica,promedio,9,16,2,0.0010159999947063625,3434,132.5859375,True,9
prog_dinamica,promedio,9,14,3,0.0007935999965411611,2150,132.5859375,True,9
prog_dinamica,promedio,9,18,4,0.0009982000046875328,3732,132.5859375,True,9
prog_dinamica,promedio,10,23,0,0.0028361999939079396,12205,285.6796875,True,10
prog_dinamica,promedio,10,21,1,0.002466199999616947,9143,285.6796875,True,10
prog_dinamica,promedio,10,28,2,0.004845600000408012,23219,285.6796875,True,10
prog_dinamica,promedio,10,23,3,0.003773900003579911,13984,288.734375,True,10
prog_dinamica,promedio,10,22,4,0.003115400002570823,12580,286.7568359375,True,10
prog_dinamica,promedio,11,30,0,0.00835229999938747,42281,608.4208984375,True,11
prog_dinamica,promedio,11,24,1,0.008907100003852975,23435,608.3046875,True,11
prog_dinamica,promedio,11,30,2,0.01222569999663392,42161,608.3046875,True,11
prog_dinamica,promedio,11,35,3,0.012255599998752587,59843,608.28125,True,11
prog_dinamica,promedio,11,24,4,0.005929099999775644,19488,609.5546875,True,11
prog_dinamica,promedio,12,37,0,0.022384299998520873,114299,1277.2421875,True,12
prog_dinamica,promedio,12,35,1,0.02132490000076359,103607,1277.2421875,True,12
prog_dinamica,promedio,12,29,2,0.017303499997069594,52998,1277.2421875,True,12
prog_dinamica,promedio,12,26,3,0.013057699994533323,32119,1277.2421875,True,12
prog_dinamica,promedio,12,32,4,0.017754500004230067,76138,1277.2421875,True,12
prog_dinamica,promedio,13,42,0,0.07731559999956517,270490,2688.0078125,True,13
prog_dinamica,promedio,13,45,1,0.08530930000415538,302375,2688.0078125,True,13
prog_dinamica,promedio,13,36,2,0.056743299996014684,179870,2688.0078125,True,13
prog_dinamica,promedio,13,38,3,0.054647600001771934,202021,2688.0078125,True,13
prog_dinamica,promedio,13,39,4,0.07122489999892423,242617,2688.0078125,True,13
prog_dinamica,promedio,14,49,0,0.21429229999921517,649481,5639.5703125,True,14
prog_dinamica,promedio,14,49,1,0.19822389999899315,611113,5640.609375,True,14
prog_dinamica,promedio,14,42,2,0.08396530000027269,364892,5639.625,True,14
prog_dinamica,promedio,14,38,3,0.08140219999768306,340935,5639.5703125,True,14
prog_dinamica,promedio,14,42,4,0.10259819999919273,442684,5639.5703125,True,14
prog_dinamica,promedio,15,52,0,0.2620156000048155,1319377,11802.3984375,True,15
prog_dinamica,promedio,15,56,1,0.2975203000023612,1497553,11804.0546875,True,15
prog_dinamica,promedio,15,50,2,0.2579511000003549,1208421,11802.453125,True,15
prog_dinamica,promedio,15,58,3,0.3348383999982616,1664039,11803.515625,True,15
prog_dinamica,promedio,15,61,4,0.3888373000008869,1692954,11802.3984375,True,15
prog_dinamica,promedio,16,62,0,0.6669553000028827,3374920,24648.9921875,True,16
prog_dinamica,promedio,16,53,1,0.7972157999975025,2444443,24649.046875,True,16
prog_dinamica,promedio,16,59,2,0.5947693999987678,3031007,24648.9921875,True,16
prog_dinamica,promedio,16,73,3,0.9500388000014937,4553477,24648.90625,True,16
prog_dinamica,promedio,16,62,4,0.735447800005204,3389153,24649.1015625,True,16
prog_dinamica,promedio,17,64,0,1.4967975999970804,6827842,51378.9296875,True,17
prog_dinamica,promedio,17,66,1,1.7559134999974049,6836915,51378.125,True,17
prog_dinamica,promedio,17,68,2,2.261679199997161,7752549,51378.703125,True,17
prog_dinamica,promedio,17,67,3,1.509401399998751,6905866,51378.703125,True,17
prog_dinamica,promedio,17,68,4,1.7331060999931651,7434016,51378.984375,True,17
prog_dinamica,promedio,18,76,0,4.660864199999196,17265015,106915.796875,True,18
prog_dinamica,promedio,18,69,1,2.8714025000008405,13396931,106916.0234375,True,18
prog_dinamica,promedio,18,81,2,3.8817005999953835,17957954,106915.7421875,True,18
prog_dinamica,promedio,18,73,3,3.6239456000039354,16384942,106915.7421875,True,18
prog_dinamica,promedio,18,85,4,4.191093699999328,21370423,106916.078125,True,18
monte_carlo,mejor,4,6,0,3.7099998735357076e-05,9,3.2890625,True,4
monte_carlo,mejor,4,6,1,2.0499996026046574e-05,9,3.2890625,True,4
monte_carlo,mejor,4,6,2,1.750000228639692e-05,9,3.2890625,True,4
monte_carlo,mejor,4,6,3,1.7099999240599573e-05,9,3.2890625,True,4
monte_carlo,mejor,4,6,4,1.6800004232209176e-05,9,3.2890625,True,4
monte_carlo,mejor,5,10,0,1.7099999240599573e-05,16,3.703125,True,5
monte_carlo,mejor,5,10,1,1.7600003047846258e-05,16,3.703125,True,5
monte_carlo,mejor,5,10,2,1.7400001524947584e-05,16,3.703125,True,5
monte_carlo,mejor,5,10,3,4.020000051241368e-05,16,3.703125,True,5
monte_carlo,mejor,5,10,4,2.0899999071843922e-05,16,3.703125,True,5
monte_carlo,mejor,6,15,0,2.119999408023432e-05,25,3.8046875,True,6
monte_carlo,mejor,6,15,1,2.2000000171829015e-05,25,3.8046875,True,6
monte_carlo,mejor,6,15,2,3.809999907389283e-05,25,3.8046875,True,6
monte_carlo,mejor,6,15,3,2.1400002879090607e-05,25,3.8046875,True,6
monte_carlo,mejor,6,15,4,2.2700005501974374e-05,25,3.8046875,True,6
monte_carlo,mejor,7,21,0,2.340000355616212e-05,36,3.8203125,True,7
monte_carlo,mejor,7,21,1,3.68999972124584e-05,36,3.8203125,True,7
monte_carlo,mejor,7,21,2,3.189999551977962e-05,36,3.8203125,True,7
monte_carlo,mejor,7,21,3,2.3399996280204505e-05,36,3.8203125,True,7
monte_carlo,mejor,7,21,4,2.390000008745119e-05,36,3.8203125,True,7
monte_carlo,mejor,8,28,0,2.439999661874026e-05,49,3.8203125,True,8
monte_carlo,mejor,8,28,1,2.5200002710334957e-05,49,3.8203125,True,8
monte_carlo,mejor,8,28,2,2.609999501146376e-05,49,3.8203125,True,8
monte_carlo,mejor,8,28,3,2.6399997295811772e-05,49,3.8203125,True,8
monte_carlo,mejor,8,28,4,2.61999957729131e-05,49,3.8203125,True,8
monte_carlo,mejor,9,36,0,2.8400005248840898e-05,64,3.8671875,True,9
monte_carlo,mejor,9,36,1,2.9499999072868377e-05,64,3.8671875,True,9
monte_carlo,mejor,9,36,2,2.9100003303028643e-05,64,3.8671875,True,9
monte_carlo,mejor,9,36,3,2.6699999580159783e-05,64,3.8671875,True,9
monte_carlo,mejor,9,36,4,2.8599999495781958e-05,64,3.8671875,True,9
monte_carlo,mejor,10,45,0,2.7999994927085936e-05,81,3.8984375,True,10
monte_carlo,mejor,10,45,1,4.7799992898944765e-05,81,3.8984375,True,10
monte_carlo,mejor,10,45,2,2.710000262595713e-05,81,3.8984375,True,10
monte_carlo,mejor,10,45,3,3.0200004403013736e-05,81,3.8984375,True,10
monte_carlo,mejor,10,45,4,2.4900000425986946e-05,81,3.8984375,True,10
monte_carlo,mejor,11,55,0,2.59000007645227e-05,100,3.9140625,True,11
monte_carlo,mejor,11,55,1,3.01000036415644e-05,100,3.9140625,True,11
monte_carlo,mejor,11,55,2,3.819999983534217e-05,100,3.9140625,True,11
monte_carlo,mejor,11,55,3,3.060000017285347e-05,100,3.9140625,True,11
monte_carlo,mejor,11,55,4,2.5699999241624027e-05,100,3.9140625,True,11
monte_carlo,mejor,12,66,0,2.609999501146376e-05,121,3.9140625,True,12
monte_carlo,mejor,12,66,1,2.8599999495781958e-05,121,3.9140625,True,12
monte_carlo,mejor,12,66,2,3.499999729683623e-05,121,3.9140625,True,12
monte_carlo,mejor,12,66,3,2.9599999834317714e-05,121,3.9140625,True,12
monte_carlo,mejor,12,66,4,3.1600000511389226e-05,121,3.9140625,True,12
monte_carlo,mejor,13,78,0,2.7499998395796865e-05,144,3.9921875,True,13
monte_carlo,mejor,13,78,1,3.070000093430281e-05,144,3.9921875,True,13
monte_carlo,mejor,13,78,2,3.1600000511389226e-05,144,3.9921875,True,13
monte_carlo,mejor,13,78,3,3.0800001695752144e-05,144,3.9921875,True,13
monte_carlo,mejor,13,78,4,3.060000017285347e-05,144,3.9921875,True,13
monte_carlo,mejor,14,91,0,2.939999831141904e-05,169,4.0546875,True,14
monte_carlo,mejor,14,91,1,3.359999391250312e-05,169,4.0546875,True,14
monte_carlo,mejor,14,91,2,3.060000017285347e-05,169,4.0546875,True,14
monte_carlo,mejor,14,91,3,3.4699995012488216e-05,169,4.0546875,True,14
monte_carlo,mejor,14,91,4,3.0199997127056122e-05,169,4.0546875,True,14
monte_carlo,mejor,15,105,0,0.00016969999705906957,196,4.0703125,True,15
monte_carlo,mejor,15,105,1,3.399999695830047e-05,196,4.0703125,True,15
monte_carlo,mejor,15,105,2,3.220000508008525e-05,196,4.0703125,True,15
monte_carlo,mejor,15,105,3,4.419999459059909e-05,196,4.0703125,True,15
monte_carlo,mejor,15,105,4,3.190000279573724e-05,196,4.0703125,True,15
monte_carlo,mejor,16,120,0,3.759999526664615e-05,225,4.0703125,True,16
monte_carlo,mejor,16,120,1,5.3499999921768904e-05,225,4.0703125,True,16
monte_carlo,mejor,16,120,2,3.3700001949910074e-05,225,4.0703125,True,16
monte_carlo,mejor,16,120,3,3.260000084992498e-05,225,4.0703125,True,16
monte_carlo,mejor,16,120,4,3.310000465717167e-05,225,4.0703125,True,16
monte_carlo,mejor,17,136,0,3.380000271135941e-05,256,4.0859375,True,17
monte_carlo,mejor,17,136,1,3.5099998058285564e-05,256,4.0859375,True,17
monte_carlo,mejor,17,136,2,3.499999729683623e-05,256,4.0859375,True,17
monte_carlo,mejor,17,136,3,3.68999972124584e-05,256,4.0859375,True,17
monte_carlo,mejor,17,136,4,3.4900003811344504e-05,256,4.0859375,True,17
monte_carlo,mejor,18,153,0,4.7599998652003706e-05,289,4.1484375,True,18
monte_carlo,mejor,18,153,1,4.960000660503283e-05,289,4.1484375,True,18
monte_carlo,mejor,18,153,2,4.980000085197389e-05,289,4.1484375,True,18
monte_carlo,mejor,18,153,3,4.820000322069973e-05,289,4.1484375,True,18
monte_carlo,mejor,18,153,4,5.4100004490464926e-05,289,4.1484375,True,18
monte_carlo,mejor,19,171,0,5.950000195298344e-05,324,5.9375,True,19
monte_carlo,mejor,19,171,1,6.089999806135893e-05,324,5.9375,True,19
monte_carlo,mejor,19,171,2,7.240000559249893e-05,324,5.9375,True,19
monte_carlo,mejor,19,171,3,7.429999823216349e-05,324,5.9375,True,19
monte_carlo,mejor,19,171,4,6.380000559147447e-05,324,5.9375,True,19
monte_carlo,mejor,20,190,0,6.0000005760230124e-05,361,5.9375,True,20
monte_carlo,mejor,20,190,1,4.189999890513718e-05,361,5.9375,True,20
monte_carlo,mejor,20,190,2,4.289999924367294e-05,361,5.9375,True,20
monte_carlo,mejor,20,190,3,4.2599996959324926e-05,361,5.9375,True,20
monte_carlo,mejor,20,190,4,4.230000195093453e-05,361,5.9375,True,20
monte_carlo,mejor,21,210,0,4.27999984822236e-05,400,5.953125,True,21
monte_carlo,mejor,21,210,1,4.409999382914975e-05,400,5.953125,True,21
monte_carlo,mejor,21,210,2,4.340000305091962e-05,400,5.953125,True,21
monte_carlo,mejor,21,210,3,4.269999772077426e-05,400,5.953125,True,21
monte_carlo,mejor,21,210,4,4.310000076657161e-05,400,5.953125,True,21
monte_carlo,mejor,22,231,0,5.199999577598646e-05,441,5.953125,True,22
monte_carlo,mejor,22,231,1,4.6799999836366624e-05,441,5.953125,True,22
monte_carlo,mejor,22,231,2,4.560000525088981e-05,441,5.953125,True,22
monte_carlo,mejor,22,231,3,4.67000063508749e-05,441,5.953125,True,22
monte_carlo,mejor,22,231,4,4.53000029665418e-05,441,5.953125,True,22
monte_carlo,mejor,23,253,0,4.709999484475702e-05,484,6.0,True,23
monte_carlo,mejor,23,253,1,4.8099995183292776e-05,484,6.0,True,23
monte_carlo,mejor,23,253,2,9.729999874252826e-05,484,6.0,True,23
monte_carlo,mejor,23,253,3,5.8999998145736754e-05,484,6.0,True,23
monte_carlo,mejor,23,253,4,8.900000102585182e-05,484,6.0,True,23
monte_carlo,mejor,24,276,0,5.199999577598646e-05,529,6.0,True,24
monte_carlo,mejor,24,276,1,5.0900001951958984e-05,529,6.0,True,24
monte_carlo,mejor,24,276,2,5.270000110613182e-05,529,6.0,True,24
monte_carlo,mejor,24,276,3,4.9200003559235483e-05,529,6.0,True,24
monte_carlo,mejor,24,276,4,4.959999932907522e-05,529,6.0,True,24
monte_carlo,mejor,25,300,0,7.439999899361283e-05,576,6.015625,True,25
monte_carlo,mejor,25,300,1,5.8099998568650335e-05,576,6.015625,True,25
monte_carlo,mejor,25,300,2,8.849999721860513e-05,576,6.015625,True,25
monte_carlo,mejor,25,300,3,9.159999899566174e-05,576,6.015625,True,25
monte_carlo,mejor,25,300,4,6.130000110715628e-05,576,6.015625,True,25
monte_carlo,mejor,26,325,0,5.560000136028975e-05,625,6.015625,True,26
monte_carlo,mejor,26,325,1,5.390000296756625e-05,625,6.015625,True,26
monte_carlo,mejor,26,325,2,6.049999501556158e-05,625,6.015625,True,26
monte_carlo,mejor,26,325,3,5.6400000175926834e-05,625,6.015625,True,26
monte_carlo,mejor,26,325,4,5.480000254465267e-05,625,6.015625,True,26
monte_carlo,peor,4,3,0,0.0038240000067162327,9507,3.34375,False,0
monte_carlo,peor,4,3,1,0.004190299994661473,9507,3.34375,False,0
monte_carlo,peor,4,3,2,0.00456809999741381,9507,3.34375,False,0
monte_carlo,peor,4,3,3,0.004696100004366599,9507,3.34375,False,0
monte_carlo,peor,4,3,4,0.004849199998716358,9507,3.34375,False,0
monte_carlo,peor,5,4,0,0.005206399997405242,11588,3.359375,False,0
monte_carlo,peor,5,4,1,0.005239899997832254,11588,4.0458984375,False,0
monte_carlo,peor,5,4,2,0.004141500001423992,11588,3.4521484375,False,0
monte_carlo,peor,5,4,3,0.005180699998163618,11588,3.359375,False,0
monte_carlo,peor,5,4,4,0.005645999997796025,11588,3.359375,False,0
monte_carlo,peor,6,8,0,0.006932899996172637,26636,3.859375,False,0
monte_carlo,peor,6,8,1,0.0070877000034670345,26636,3.859375,False,0
monte_carlo,peor,6,8,2,0.007327499995881226,26636,3.859375,False,0
monte_carlo,peor,6,8,3,0.007160999994084705,26636,3.859375,False,0
monte_carlo,peor,6,8,4,0.006526800003484823,26636,3.859375,False,0
monte_carlo,peor,7,10,0,0.007864799998060334,30842,3.875,False,0
monte_carlo,peor,7,10,1,0.007035499998892192,30842,3.875,False,0
monte_carlo,peor,7,10,2,0.006613099998503458,30842,3.875,False,0
monte_carlo,peor,7,10,3,0.006401799997547641,30842,3.875,False,0
monte_carlo,peor,7,10,4,0.006496300004073419,30842,3.875,False,0
monte_carlo,peor,8,15,0,0.009625000006053597,51630,3.875,False,0
monte_carlo,peor,8,15,1,0.010968599999614526,51630,3.875,False,0
monte_carlo,peor,8,15,2,0.010965400004351977,51630,3.875,False,0
monte_carlo,peor,8,15,3,0.01067499999771826,51630,3.875,False,0
monte_carlo,peor,8,15,4,0.00981560000218451,51630,3.875,False,0
monte_carlo,peor,9,18,0,0.010373900004196912,57945,3.890625,False,0
monte_carlo,peor,9,18,1,0.011876899996423163,57945,3.890625,False,0
monte_carlo,peor,9,18,2,0.01332179999735672,57945,3.890625,False,0
monte_carlo,peor,9,18,3,0.013614600000437349,57945,3.890625,False,0
monte_carlo,peor,9,18,4,0.014182699997036252,57945,3.890625,False,0
monte_carlo,peor,10,24,0,0.015206299998681061,84780,3.8984375,False,0
monte_carlo,peor,10,24,1,0.014438199999858625,84780,3.8984375,False,0
monte_carlo,peor,10,24,2,0.015630899993993808,84780,3.8984375,False,0
monte_carlo,peor,10,24,3,0.013899899997340981,84780,3.8984375,False,0
monte_carlo,peor,10,24,4,0.019042700005229563,84780,3.8984375,False,0
monte_carlo,peor,11,28,0,0.014815700000326615,93116,3.9140625,False,0
monte_carlo,peor,11,28,1,0.01607490000606049,93116,3.9140625,False,0
monte_carlo,peor,11,28,2,0.019266700001026038,93116,3.9140625,False,0
monte_carlo,peor,11,28,3,0.02191339999990305,93116,3.9140625,False,0
monte_carlo,peor,11,28,4,0.015936499999952503,93116,3.9140625,False,0
monte_carlo,peor,12,35,0,0.02869780000037281,125840,3.9453125,False,0
monte_carlo,peor,12,35,1,0.02706649999890942,125840,3.9453125,False,0
monte_carlo,peor,12,35,2,0.02863480000087293,125840,3.9453125,False,0
monte_carlo,peor,12,35,3,0.028930799999216106,125840,3.9453125,False,0
monte_carlo,peor,12,35,4,0.030824400004348718,125840,4.5390625,False,0
monte_carlo,peor,13,40,0,0.026591499998176005,136250,3.9609375,False,0
monte_carlo,peor,13,40,1,0.026579199999105185,136250,3.9609375,False,0
monte_carlo,peor,13,40,2,0.02415879999898607,136250,3.9609375,False,0
monte_carlo,peor,13,40,3,0.031161799997789785,136250,3.9609375,False,0
monte_carlo,peor,13,40,4,0.043844699997862335,136250,3.9609375,False,0
monte_carlo,peor,14,48,0,0.036155399997369386,174786,3.9609375,False,0
monte_carlo,peor,14,48,1,0.056350999999267515,174786,3.9609375,False,0
monte_carlo,peor,14,48,2,0.043568900000536814,174786,3.9609375,False,0
monte_carlo,peor,14,48,3,0.03357289999985369,174786,3.9609375,False,0
monte_carlo,peor,14,48,4,0.02801069999986794,174786,3.9609375,False,0
monte_carlo,peor,15,54,0,0.024778999999398366,187278,4.0078125,False,0
monte_carlo,peor,15,54,1,0.04853659999935189,187278,4.0078125,False,0
monte_carlo,peor,15,54,2,0.03132039999763947,187278,4.0078125,False,0
monte_carlo,peor,15,54,3,0.03191059999517165,187278,4.0078125,False,0
monte_carlo,peor,15,54,4,0.025284700001066085,187278,4.0078125,False,0
monte_carlo,peor,16,63,0,0.0266875999950571,231910,4.0078125,False,0
monte_carlo,peor,16,63,1,0.033104399997682776,231910,4.0078125,False,0
monte_carlo,peor,16,63,2,0.04346959999384126,231910,4.0078125,False,0
monte_carlo,peor,16,63,3,0.05891900000278838,231910,4.0078125,False,0
monte_carlo,peor,16,63,4,0.04470179999771062,231910,4.0078125,False,0
monte_carlo,peor,17,70,0,0.04088019999471726,246239,4.0234375,False,0
monte_carlo,peor,17,70,1,0.038826700001663994,246239,4.0234375,False,0
monte_carlo,peor,17,70,2,0.03671110000141198,246239,4.0234375,False,0
monte_carlo,peor,17,70,3,0.03892039999482222,246239,4.0234375,False,0
monte_carlo,peor,17,70,4,0.030229999996663537,246239,4.0234375,False,0
monte_carlo,peor,18,80,0,0.03199070000118809,296912,4.0234375,False,0
monte_carlo,peor,18,80,1,0.03253019999829121,296912,4.0234375,False,0
monte_carlo,peor,18,80,2,0.03234080000402173,296912,4.0234375,False,0
monte_carlo,peor,18,80,3,0.031045399999129586,296912,4.0234375,False,0
monte_carlo,peor,18,80,4,0.03373200000351062,296912,4.0234375,False,0
monte_carlo,peor,19,88,0,0.033087600000726525,313504,4.0703125,False,0
monte_carlo,peor,19,88,1,0.035391299999901094,313504,4.0703125,False,0
monte_carlo,peor,19,88,2,0.033842000004369766,313504,4.0703125,False,0
monte_carlo,peor,19,88,3,0.03519800000503892,313504,4.0703125,False,0
monte_carlo,peor,19,88,4,0.03934060000028694,313504,4.0703125,False,0
monte_carlo,peor,20,99,0,0.0377537999956985,369819,5.96875,False,0
monte_carlo,peor,20,99,1,0.03912339999806136,369819,5.96875,False,0
monte_carlo,peor,20,99,2,0.037556100003712345,369819,5.96875,False,0
monte_carlo,peor,20,99,3,0.039385399999446236,369819,5.96875,False,0
monte_carlo,peor,20,99,4,0.03757700000278419,369819,5.96875,False,0
monte_carlo,peor,21,108,0,0.03807809999852907,388026,5.984375,False,0
monte_carlo,peor,21,108,1,0.04095909999887226,388026,5.984375,False,0
monte_carlo,peor,21,108,2,0.037947900003928225,388026,5.984375,False,0
monte_carlo,peor,21,108,3,0.039859399999841116,388026,5.984375,False,0
monte_carlo,peor,21,108,4,0.03968200000235811,388026,5.984375,False,0
monte_carlo,peor,22,120,0,0.04584269999759272,451050,5.984375,False,0
monte_carlo,peor,22,120,1,0.043718300003092736,451050,5.984375,False,0
monte_carlo,peor,22,120,2,0.04544709999754559,451050,5.984375,False,0
monte_carlo,peor,22,120,3,0.043801200001325924,451050,5.984375,False,0
monte_carlo,peor,22,120,4,0.043577900003583636,451050,5.984375,False,0
monte_carlo,peor,23,130,0,0.043365899997297674,470780,6.0,False,0
monte_carlo,peor,23,130,1,0.05979279999883147,470780,6.0,False,0
monte_carlo,peor,23,130,2,0.061555200001748744,470780,6.0,False,0
monte_carlo,peor,23,130,3,0.05674179999914486,470780,6.0,False,0
monte_carlo,peor,23,130,4,0.05545669999992242,470780,6.0,False,0
monte_carlo,peor,24,143,0,0.05364640000334475,539814,6.0,False,0
monte_carlo,peor,24,143,1,0.05177679999906104,539814,6.0,False,0
monte_carlo,peor,24,143,2,0.05224050000106217,539814,6.0,False,0
monte_carlo,peor,24,143,3,0.06621199999790406,539814,6.0,False,0
monte_carlo,peor,24,143,4,0.06820799999695737,539814,6.0,False,0
monte_carlo,peor,25,154,0,0.06584129999828292,562320,6.046875,False,0
monte_carlo,peor,25,154,1,0.05175489999965066,562320,6.046875,False,0
monte_carlo,peor,25,154,2,0.05112389999703737,562320,6.046875,False,0
monte_carlo,peor,25,154,3,0.05448120000073686,562320,6.046875,False,0
monte_carlo,peor,25,154,4,0.056184399996709544,562320,6.046875,False,0
monte_carlo,peor,26,168,0,0.05733519999921555,636684,6.046875,False,0
monte_carlo,peor,26,168,1,0.061792599997716025,636684,6.046875,False,0
monte_carlo,peor,26,168,2,0.06746159999602241,636684,6.046875,False,0
monte_carlo,peor,26,168,3,0.062225000001490116,636684,6.046875,False,0
monte_carlo,peor,26,168,4,0.057488099999318365,636684,6.046875,False,0
monte_carlo,promedio,4,2,0,0.003068199999688659,4000,3.34375,False,0
monte_carlo,promedio,4,3,1,0.004070700000738725,8976,3.34375,False,0
monte_carlo,promedio,4,2,2,0.0029976000005262904,5480,3.34375,False,0
monte_carlo,promedio,4,4,3,2.2599997464567423e-05,6,3.2890625,True,4
monte_carlo,promedio,4,2,4,0.0037965000010444783,5383,3.34375,False,0
monte_carlo,promedio,5,9,0,1.6699996194802225e-05,14,3.703125,True,5
monte_carlo,promedio,5,2,1,0.0026576000018394552,4417,3.359375,False,0
monte_carlo,promedio,5,6,2,2.7599999157246202e-05,10,3.703125,True,5
monte_carlo,promedio,5,2,3,0.0033703999943099916,4387,3.359375,False,0
monte_carlo,promedio,5,6,4,2.3999993572942913e-05,10,3.703125,True,5
monte_carlo,promedio,6,6,0,0.005114699997648131,16962,3.859375,False,0
monte_carlo,promedio,6,4,1,0.003957000000809785,10880,3.359375,False,0
monte_carlo,promedio,6,8,2,4.220000118948519e-05,28,3.828125,True,6
monte_carlo,promedio,6,6,3,5.1200004236306995e-05,63,3.828125,True,6
monte_carlo,promedio,6,9,4,3.8100006349850446e-05,59,3.828125,True,6
monte_carlo,promedio,7,11,0,2.239999594166875e-05,20,3.8203125,True,7
monte_carlo,promedio,7,11,1,3.399999695830047e-05,77,3.84375,True,7
monte_carlo,promedio,7,9,2,4.960000660503283e-05,136,3.84375,True,7
monte_carlo,promedio,7,12,3,1.8300001102034003e-05,20,3.8203125,True,7
monte_carlo,promedio,7,10,4,2.9199996788520366e-05,70,3.84375,True,7
monte_carlo,promedio,8,13,0,2.680000034160912e-05,65,3.84375,True,8
monte_carlo,promedio,8,19,1,2.510000194888562e-05,34,3.8203125,True,8
monte_carlo,promedio,8,14,2,1.960000372491777e-05,25,3.8203125,True,8
monte_carlo,promedio,8,15,3,0.00016199999663513154,820,3.84375,True,8
monte_carlo,promedio,8,15,4,7.490000280085951e-05,233,3.84375,True,8
monte_carlo,promedio,9,14,0,0.00018510000518290326,819,3.859375,True,9
monte_carlo,promedio,9,22,1,2.680000034160912e-05,75,3.859375,True,9
monte_carlo,promedio,9,16,2,2.5800000003073364e-05,58,3.859375,True,9
monte_carlo,promedio,9,14,3,1.9099999917671084e-05,25,3.8359375,True,9
monte_carlo,promedio,9,18,4,7.869999535614625e-05,361,3.859375,True,9
monte_carlo,promedio,10,23,0,0.00015259999781847,882,3.8984375,True,10
monte_carlo,promedio,10,21,1,9.180000051856041e-05,450,3.8984375,True,10
monte_carlo,promedio,10,28,2,2.130000211764127e-05,51,3.8984375,True,10
monte_carlo,promedio,10,23,3,2.0500003302004188e-05,40,3.8984375,True,10
monte_carlo,promedio,10,22,4,2.7599999157246202e-05,81,3.8984375,True,10
monte_carlo,promedio,11,30,0,5.8099998568650335e-05,302,3.9140625,True,11
monte_carlo,promedio,11,24,1,5.130000499775633e-05,216,3.9140625,True,11
monte_carlo,promedio,11,30,2,2.179999864893034e-05,55,3.9140625,True,11
monte_carlo,promedio,11,35,3,2.950000634882599e-05,119,3.9140625,True,11
monte_carlo,promedio,11,24,4,2.9499999072868377e-05,90,3.9140625,True,11
monte_carlo,promedio,12,37,0,5.609999789157882e-05,327,3.9140625,True,12
monte_carlo,promedio,12,35,1,3.2699994335416704e-05,123,3.9140625,True,12
monte_carlo,promedio,12,29,2,0.0001005000012810342,567,3.9140625,True,12
monte_carlo,promedio,12,26,3,8.019999950192869e-05,395,3.9140625,True,12
monte_carlo,promedio,12,32,4,2.2499996703118086e-05,57,3.9140625,True,12
monte_carlo,promedio,13,42,0,3.319999814266339e-05,157,3.9296875,True,13
monte_carlo,promedio,13,45,1,4.410000110510737e-05,256,3.9296875,True,13
monte_carlo,promedio,13,36,2,6.920000305399299e-05,388,3.9609375,True,13
monte_carlo,promedio,13,38,3,8.72999953571707e-05,548,3.9296875,True,13
monte_carlo,promedio,13,39,4,2.3500004317611456e-05,73,3.9296875,True,13
monte_carlo,promedio,14,49,0,4.829999670619145e-05,93,3.9296875,True,14
monte_carlo,promedio,14,49,1,8.150000212481245e-05,255,3.9609375,True,14
monte_carlo,promedio,14,42,2,0.00011349999840604141,741,3.9296875,True,14
monte_carlo,promedio,14,38,3,5.1399998483248055e-05,180,3.9296875,True,14
monte_carlo,promedio,14,42,4,0.00012620000052265823,806,4.046875,True,14
monte_carlo,promedio,15,52,0,2.5300003471784294e-05,97,3.9765625,True,15
monte_carlo,promedio,15,56,1,4.990000161342323e-05,310,4.0078125,True,15
monte_carlo,promedio,15,50,2,0.0001807000007829629,1389,4.0078125,True,15
monte_carlo,promedio,15,58,3,2.6599998818710446e-05,110,3.9765625,True,15
monte_carlo,promedio,15,61,4,2.630000381032005e-05,114,3.9453125,True,15
monte_carlo,promedio,16,62,0,2.609999501146376e-05,113,3.9765625,True,16
monte_carlo,promedio,16,53,1,6.059999577701092e-05,377,3.9765625,True,16
monte_carlo,promedio,16,59,2,0.00015359999815700576,1224,4.0078125,True,16
monte_carlo,promedio,16,73,3,3.170000127283856e-05,135,4.0078125,True,16
monte_carlo,promedio,16,62,4,5.219999729888514e-05,345,3.9765625,True,16
monte_carlo,promedio,17,64,0,0.00021609999384963885,1811,4.0234375,True,17
monte_carlo,promedio,17,66,1,2.8599999495781958e-05,126,3.9921875,True,17
monte_carlo,promedio,17,68,2,0.0001264000020455569,1032,4.0234375,True,17
monte_carlo,promedio,17,67,3,0.00011810000432888046,972,3.9921875,True,17
monte_carlo,promedio,17,68,4,0.00012799999967683107,1071,4.0234375,True,17
monte_carlo,promedio,18,76,0,2.890000178012997e-05,147,4.0234375,True,18
monte_carlo,promedio,18,69,1,2.970000059576705e-05,132,4.0234375,True,18
monte_carlo,promedio,18,81,2,0.00020590000349329785,1910,4.0859375,True,18
monte_carlo,promedio,18,73,3,4.520000220509246e-05,271,4.0234375,True,18
monte_carlo,promedio,18,85,4,6.130000110715628e-05,482,4.0859375,True,18
monte_carlo,promedio,19,93,0,7.360000017797574e-05,357,5.9375,True,19
monte_carlo,promedio,19,71,1,4.170000465819612e-05,135,5.9375,True,19
monte_carlo,promedio,19,88,2,5.009999586036429e-05,342,5.9375,True,19
monte_carlo,promedio,19,83,3,4.650000482797623e-05,307,5.9375,True,19
monte_carlo,promedio,19,81,4,3.229999856557697e-05,151,6.5546875,True,19
monte_carlo,promedio,20,94,0,7.970000297063962e-05,355,5.9375,True,20
monte_carlo,promedio,20,90,1,0.000258700005360879,637,5.9375,True,20
monte_carlo,promedio,20,96,2,0.00016630000027362257,718,5.9375,True,20
monte_carlo,promedio,20,83,3,7.60000039008446e-05,158,5.9375,True,20
monte_carlo,promedio,20,88,4,0.0001292000015382655,310,5.9375,True,20
monte_carlo,promedio,21,119,0,6.860000576125458e-05,224,5.953125,True,21
monte_carlo,promedio,21,101,1,0.00040070000250125304,1769,5.953125,True,21
monte_carlo,promedio,21,101,2,0.00011520000407472253,386,5.953125,True,21
monte_carlo,promedio,21,109,3,7.859999459469691e-05,608,5.953125,True,21
monte_carlo,promedio,21,110,4,3.4699995012488216e-05,210,5.953125,True,21
monte_carlo,promedio,22,123,0,9.359999967273325e-05,902,5.953125,True,22
monte_carlo,promedio,22,103,1,0.00020170000061625615,1897,5.953125,True,22
monte_carlo,promedio,22,109,2,6.25000029685907e-05,210,5.953125,True,22
monte_carlo,promedio,22,114,3,0.00029660000291187316,809,5.953125,True,22
monte_carlo,promedio,22,105,4,5.490000330610201e-05,357,5.953125,True,22
monte_carlo,promedio,23,115,0,0.00016400000458816066,1619,5.96875,True,23
monte_carlo,promedio,23,138,1,3.809999907389283e-05,267,5.96875,True,23
monte_carlo,promedio,23,134,2,8.130000060191378e-05,762,5.96875,True,23
monte_carlo,promedio,23,126,3,3.619999915827066e-05,242,5.96875,True,23
monte_carlo,promedio,23,127,4,0.0001081000009435229,981,5.96875,True,23
monte_carlo,promedio,24,141,0,5.889999738428742e-05,527,5.96875,True,24
monte_carlo,promedio,24,136,1,0.00021149999520275742,2267,6.0,True,24
monte_carlo,promedio,24,130,2,8.260000322479755e-05,741,5.96875,True,24
monte_carlo,promedio,24,136,3,3.730000025825575e-05,262,5.96875,True,24
monte_carlo,promedio,24,137,4,6.0699996538460255e-05,531,5.96875,True,24
monte_carlo,promedio,25,144,0,3.759999526664615e-05,282,5.984375,True,25
monte_carlo,promedio,25,147,1,8.019999950192869e-05,563,6.015625,True,25
monte_carlo,promedio,25,141,2,0.0001947999990079552,2064,6.015625,True,25
monte_carlo,promedio,25,152,3,3.930000093532726e-05,291,5.984375,True,25
monte_carlo,promedio,25,160,4,6.289999873843044e-05,589,6.015625,True,25
monte_carlo,promedio,26,160,0,0.00011070000618929043,1184,6.015625,True,26
monte_carlo,promedio,26,165,1,7.729999924777076e-05,315,5.984375,True,26
monte_carlo,promedio,26,161,2,0.00010900000052060932,918,6.015625,True,26
monte_carlo,promedio,26,158,3,0.00011160000576637685,909,5.984375,True,26
monte_carlo,promedio,26,165,4,9.380000119563192e-05,946,6.015625,True,26
