algoritmo,tipo_caso,n,tiempo_medio,tiempo_mediana,tiempo_std,tiempo_min,tiempo_max,operaciones_moda,memoria_media
backtracking,mejor,4,8.060001709964126e-06,7.100003131199628e-06,3.0104833800810412e-06,5.399997462518513e-06,1.2600001355167478e-05,9,1.0578125
backtracking,mejor,5,5.7800003560259935e-06,5.800000508315861e-06,1.7888680032196635e-07,5.49999822396785e-06,6.000002031214535e-06,16,1.5703125
backtracking,mejor,6,6.660002691205591e-06,6.599999323952943e-06,2.7018435145917106e-07,6.400005077011883e-06,7.100003131199628e-06,25,1.8203125
backtracking,mejor,7,7.379997987300157e-06,7.399998139590025e-06,1.9235530529375754e-07,7.099995855242014e-06,7.599999662488699e-06,36,1.9296875
backtracking,mejor,8,8.159996650647371e-06,8.09999619377777e-06,1.5165866367612678e-07,7.999995432328433e-06,8.39999847812578e-06,49,2.1328125
backtracking,mejor,9,3.495999844744235e-05,9.2999980552122e-06,5.782536661836775e-05,8.700000762473792e-06,0.000138399998832,64,2.2203125
backtracking,mejor,10,9.560001490172e-06,9.60000033956021e-06,2.701840821511487e-07,9.10000380827114e-06,9.800001862458885e-06,81,2.5078125
backtracking,mejor,11,1.0620002285577359e-05,1.0600000678095968e-05,2.863559338123132e-07,1.0200004908256233e-05,1.1000003723893316e-05,100,2.6484375
backtracking,mejor,12,1.7100000695791097e-05,1.989999873330817e-05,5.251191530090919e-06,1.1099997209385036e-05,2.179999864893034e-05,121,2.9453125
backtracking,mejor,13,1.7039997328538447e-05,1.769999653333798e-05,3.7373803236735596e-06,1.2599994079209864e-05,2.189999941037968e-05,144,3.1015625
backtracking,mejor,14,1.3699999544769526e-05,1.3699995179194955e-05,1.581127861391941e-07,1.3500000932253895e-05,1.3899996702093633e-05,169,3.4453125
backtracking,mejor,15,3.32199997501402e-05,1.4899997040629389e-05,4.1862836190895165e-05,1.3600001693703234e-05,0.0001081000009435,196,3.6171875
backtracking,mejor,16,1.5700000221841038e-05,1.5400000847876072e-05,8.093234940556288e-07,1.4899997040629389e-05,1.700000575510785e-05,225,4.0078125
backtracking,mejor,17,1.821999903768301e-05,1.7599995771888644e-05,2.5772109139529427e-06,1.5799996617715806e-05,2.260000474052504e-05,256,4.1953125
backtracking,mejor,18,1.7759999900590627e-05,1.750000228639692e-05,5.727107877418345e-07,1.7300000763498247e-05,1.8699996871873736e-05,289,4.6953125
backtracking,mejor,19,2.0739999308716504e-05,1.989999873330817e-05,2.777228210783665e-06,1.870000414783135e-05,2.559999848017469e-05,324,6.8046875
backtracking,mejor,20,2.488000027369708e-05,2.25000039790757e-05,4.805932729577791e-06,2.1599997126031667e-05,3.309999738121405e-05,361,7.0859375
backtracking,mejor,21,2.1880000713281333e-05,2.200000017182901e-05,4.3817855965661685e-07,2.1200001356191933e-05,2.2400003217626363e-05,400,7.1015625
backtracking,mejor,22,3.097999870078638e-05,2.42000023717992e-05,1.1253310018916016e-05,2.249999670311809e-05,4.769999941345304e-05,441,7.6328125
backtracking,peor,4,1.9999999494757503e-05,2.02999945031479e-05,3.0074925616422797e-06,1.4999997802078724e-05,2.25000039790757e-05,24,0.9765625
backtracking,peor,5,1.886000100057572e-05,1.9099999917671084e-05,5.412954381475477e-07,1.799999881768599e-05,1.9400002202019092e-05,40,1.2421875
backtracking,peor,6,0.00010047999967350984,0.000100499994005,7.155423204130077e-07,9.940000018104912e-05,0.0001013000000966,384,1.6328125
backtracking,peor,7,0.0001915599990752,0.0001813000053516,2.347121439232672e-05,0.00017939999816,0.0002334999953745,740,1.6796875
backtracking,peor,8,0.0017875999998067799,0.0018189999973401,0.00013866102353590103,0.0016049000041675,0.0019290999989607,8160,1.8984375
backtracking,peor,9,0.0039767800015397,0.003852599998936,0.0004087201638609037,0.0036213999992469,0.004675700001826,18504,1.9140625
backtracking,peor,10,0.05224443999904902,0.0483135000031325,0.006947287192460013,0.0458451000013155,0.0619459000008646,251040,2.1484375
backtracking,peor,11,0.11620190000103317,0.1146882000030018,0.004399357572615665,0.1120590999998967,0.1211915999956545,659344,2.4390625
backtracking,peor,12,1.7939606399973855,1.735478399998101,0.13931808173911753,1.6955898999949568,2.036838200001512,10710840,3.803125
backtracking,promedio,4,1.0500001371838152e-05,1.049999991664663e-05,3.891015655248288e-06,5.900001269765198e-06,1.6500001947861165e-05,12,0.9484375
backtracking,promedio,5,8.11999780125916e-06,6.499998562503606e-06,2.5479383144934095e-06,5.900001269765198e-06,1.0899995686486363e-05,10,1.2984375
backtracking,promedio,6,3.6340000224299726e-05,3.190000279573724e-05,2.4933269768047527e-05,9.199997293762864e-06,7.599999662488699e-05,15,1.5703125
backtracking,promedio,7,3.424000315135345e-05,1.960000372491777e-05,3.6575305492315284e-05,9.500006854068488e-06,9.88000028883107e-05,64,1.7578125
backtracking,promedio,8,5.349999992175108e-05,2.2799998987466097e-05,6.668845481939297e-05,1.5600002370774746e-05,0.0001720000000204,75,1.8828125
backtracking,promedio,9,9.2739998945015e-05,1.049999991664663e-05,0.0001211845028637411,8.899995009414852e-06,0.0002758000046014,24,1.9734375
backtracking,promedio,10,0.00013651999906865884,4.369999805931002e-05,0.0001895176952762809,1.2299999070819467e-05,0.0004631999981938,40,2.1765625
backtracking,promedio,11,1.9320000137668104e-05,1.7800004570744932e-05,7.164982984217789e-06,1.080000220099464e-05,3.0499999411404133e-05,45,2.3234375
backtracking,promedio,12,9.60000004851926e-05,0.0001106999989133,7.809362784035963e-05,1.1500000255182384e-05,0.0001811999973142,66,2.4203125
backtracking,promedio,13,4.0639999497216195e-05,3.0499999411404133e-05,3.254586121979822e-05,1.189999602502212e-05,8.900000102585182e-05,85,2.6109375
backtracking,promedio,14,5.3419997857406463e-05,4.739999712910503e-05,3.966644770721919e-05,1.189999602502212e-05,0.0001192999989143,89,3.0234375
backtracking,promedio,15,2.626000059535727e-05,2.4300003133248534e-05,1.0182729580002022e-05,1.5199999324977398e-05,4.27999984822236e-05,121,2.9640625
backtracking,promedio,16,5.712000129277525e-05,2.6400004571769387e-05,7.342160669862623e-05,1.6199999663513154e-05,0.000188000005437,101,3.2890625
backtracking,promedio,17,5.377999914343776e-05,1.799999881768599e-05,6.177323268247827e-05,1.5599995094817132e-05,0.0001591000036569,119,3.7296875
backtracking,promedio,18,3.828000044450164e-05,3.330000618007034e-05,1.8346308867986414e-05,1.799999881768599e-05,6.650000432273373e-05,171,4.5546875
backtracking,promedio,19,9.709999721962147e-05,6.769999890821055e-05,9.228247324272864e-05,1.7799997294787318e-05,0.0002325999957975,157,5.4203125
backtracking,promedio,20,0.00011899999954038307,4.5900000259280205e-05,0.00017640297558042695,1.7300000763498247e-05,0.0004316999984439,179,5.6046875
backtracking,promedio,21,2.6100002287421376e-05,2.370000584051013e-05,7.761120502377588e-06,1.8799997633323077e-05,3.9200000173877925e-05,212,5.7890625
backtracking,promedio,22,4.456000024219888e-05,2.529999619582668e-05,3.882548132350681e-05,1.960000372491777e-05,0.0001126999995904,220,5.7828125
fuerza_bruta,mejor,4,1.1900000390596688e-05,7.90000194683671e-06,6.743516283983299e-06,6.499998562503606e-06,1.9800005247816443e-05,3,0.3125
fuerza_bruta,mejor,5,6.599999323952943e-06,6.499998562503606e-06,3.6742130850156005e-07,6.200003554113209e-06,7.199996616691351e-06,4,0.359375
fuerza_bruta,mejor,6,6.120000034570694e-06,6.200003554113209e-06,3.3466351516896163e-07,5.599998985417187e-06,6.399997801054269e-06,5,0.375
fuerza_bruta,mejor,7,1.436000020476058e-05,1.049999991664663e-05,1.1575531670739991e-05,6.000002031214535e-06,3.4699995012488216e-05,6,0.421875
fuerza_bruta,mejor,8,4.243999865138731e-05,9.499999578110874e-06,7.371253866601746e-05,9.099996532313526e-06,0.0001743000029819,7,0.4375
fuerza_bruta,mejor,9,1.9380000594537705e-05,9.2999980552122e-06,1.5105860211176755e-05,7.599999662488699e-06,3.9999998989515007e-05,8,0.484375
fuerza_bruta,mejor,10,2.632000105222687e-05,1.290000363951549e-05,2.1519801310196167e-05,8.000002708286047e-06,5.089999467600137e-05,9,0.5
fuerza_bruta,mejor,11,1.1639999866019934e-05,9.60000033956021e-06,3.0303475839391943e-06,9.399998816661537e-06,1.5700003132224083e-05,10,0.546875
fuerza_bruta,peor,4,2.92200013063848e-05,2.149999636458233e-05,1.6170870882679742e-05,2.010000025620684e-05,5.790000432170928e-05,42,0.3046875
fuerza_bruta,peor,5,8.562000148231164e-05,8.750000415602699e-05,6.497078601640842e-06,7.439999899361283e-05,9.06000059330836e-05,192,0.3359375
fuerza_bruta,peor,6,0.00061066000198474,0.0005382000017561,0.0001811985030689479,0.0005080000046291,0.0009325999999418,1440,0.3515625
fuerza_bruta,peor,7,0.004880980002053481,0.0041073000029427,0.0019655316570040705,0.0034544000009191,0.0081560000035096,9360,0.5099609375
fuerza_bruta,peor,8,0.036274320002121344,0.0392993000059505,0.00544979924571919,0.0296462000042083,0.0408554000023286,83520,0.3984375
fuerza_bruta,peor,9,0.2484997999985353,0.2400341999964439,0.037409148164541675,0.2043506999980309,0.3005301000011968,712800,0.596875
fuerza_bruta,peor,10,1.7966531800004304,1.811090700000932,0.09102176487621828,1.6828223999982583,1.909726199999568,7568640,1.1609375
fuerza_bruta,promedio,4,1.044000091496855e-05,1.1399999493733048e-05,3.2585279491187954e-06,4.699999408330768e-06,1.2700002116616815e-05,34,0.30625
fuerza_bruta,promedio,5,1.8940000154543667e-05,5.399997462518513e-06,1.9689796700264433e-05,3.7999998312443495e-06,4.060000355821103e-05,148,0.35
fuerza_bruta,promedio,6,0.00017648000211918847,9.99000039882958e-05,0.0001818625470938593,5.200003215577453e-06,0.0004255999956512,11,0.365625
fuerza_bruta,promedio,7,0.0002110999979776988,9.929999941959976e-05,0.000240793281975209,1.8799997633323077e-05,0.0006118999954196,54,0.421875
fuerza_bruta,promedio,8,0.0008670600000186331,0.0005937999958405,0.000975050132256243,2.300000051036477e-05,0.0024762999964877,93,0.4375
fuerza_bruta,promedio,9,0.008198839999386087,0.0014347999967867,0.01040102483794235,7.650000043213367e-05,0.0205117000004975,368,1.0744140625
fuerza_bruta,promedio,10,0.04336885999800866,0.0281837999937124,0.03980340514069488,0.0001312000022153,0.093037099999492,738,0.5
fuerza_bruta,promedio,11,0.17395091999933351,0.1478905999974813,0.12083809566660211,0.0480791999943903,0.3407363000005716,162896,0.7
monte_carlo,mejor,4,2.1800000104121865e-05,1.750000228639692e-05,8.679860551695305e-06,1.6800004232209176e-05,3.709999873535708e-05,9,3.2890625
monte_carlo,mejor,5,2.2640000679530203e-05,1.7600003047846258e-05,9.936447842870943e-06,1.7099999240599573e-05,4.020000051241368e-05,16,3.703125
monte_carlo,mejor,6,2.508000034140423e-05,2.200000017182901e-05,7.301848625239593e-06,2.119999408023432e-05,3.809999907389283e-05,25,3.8046875
monte_carlo,mejor,7,2.7899998531211168e-05,2.390000008745119e-05,6.1947541265901475e-06,2.3399996280204505e-05,3.68999972124584e-05,36,3.8203125
monte_carlo,mejor,8,2.565999748185277e-05,2.609999501146376e-05,8.414263292082083e-07,2.439999661874026e-05,2.639999729581177e-05,49,3.8203125
monte_carlo,mejor,9,2.846000134013593e-05,2.859999949578196e-05,1.073778725607523e-06,2.6699999580159783e-05,2.9499999072868377e-05,64,3.8671875
monte_carlo,mejor,10,3.15999990561977e-05,2.7999994927085936e-05,9.25337458418025e-06,2.4900000425986946e-05,4.7799992898944765e-05,81,3.8984375
monte_carlo,mejor,11,3.0100000731181354e-05,3.01000036415644e-05,5.070995902116425e-06,2.5699999241624027e-05,3.819999983534217e-05,100,3.9140625
monte_carlo,mejor,12,3.0179998429957777e-05,2.9599999834317717e-05,3.3439504289777986e-06,2.609999501146376e-05,3.499999729683623e-05,121,3.9140625
monte_carlo,mejor,13,3.0240000342018902e-05,3.070000093430281e-05,1.5820882612289195e-06,2.7499998395796865e-05,3.1600000511389226e-05,144,3.9921875
monte_carlo,mejor,14,3.1699996907264e-05,3.060000017285347e-05,2.3108419974379924e-06,2.939999831141904e-05,3.4699995012488216e-05,169,4.0546875
monte_carlo,mejor,15,6.23999992967444e-05,3.399999695830047e-05,6.019422576367912e-05,3.190000279573724e-05,0.000169699997059,196,4.0703125
monte_carlo,mejor,16,3.8100000529084356e-05,3.3700001949910074e-05,8.832042929636708e-06,3.260000084992498e-05,5.34999999217689e-05,225,4.0703125
monte_carlo,mejor,17,3.513999981805682e-05,3.499999729683623e-05,1.1148970809259213e-06,3.380000271135941e-05,3.68999972124584e-05,256,4.0859375
monte_carlo,mejor,18,4.9860002764035014e-05,4.960000660503283e-05,2.545193015399191e-06,4.7599998652003706e-05,5.4100004490464926e-05,289,4.1484375
monte_carlo,mejor,19,6.618000188609585e-05,6.380000559147447e-05,6.7599557806588084e-06,5.950000195298344e-05,7.429999823216349e-05,324,5.9375
monte_carlo,mejor,20,4.594000056385994e-05,4.2599996959324926e-05,7.868484312934476e-06,4.189999890513718e-05,6.000000576023013e-05,361,5.9375
monte_carlo,mejor,21,4.321999876992777e-05,4.310000076657161e-05,5.630261315055223e-07,4.269999772077426e-05,4.409999382914975e-05,400,5.953125
monte_carlo,mejor,22,4.728000203613192e-05,4.67000063508749e-05,2.7197391200703397e-06,4.53000029665418e-05,5.199999577598646e-05,441,5.953125
monte_carlo,mejor,23,6.809999758843333e-05,5.8999998145736754e-05,2.3522650851787347e-05,4.709999484475702e-05,9.729999874252826e-05,484,6.0
monte_carlo,mejor,24,5.0880000344477594e-05,5.090000195195898e-05,1.5023302234511834e-06,4.920000355923548e-05,5.270000110613182e-05,529,6.0
monte_carlo,mejor,25,7.477999897673727e-05,7.439999899361283e-05,1.5258013538452008e-05,5.8099998568650335e-05,9.159999899566174e-05,576,6.015625
monte_carlo,mejor,26,5.624000041279942e-05,5.560000136028975e-05,2.5559701989137993e-06,5.390000296756625e-05,6.049999501556158e-05,625,6.015625
monte_carlo,peor,4,0.004425540000374839,0.0045680999974138,0.00041539200972373603,0.0038240000067162,0.0048491999987163,9507,3.34375
monte_carlo,peor,5,0.00508289999852418,0.0052063999974052,0.000559638645278391,0.0041415000014239,0.005645999997796,11588,3.515234375
monte_carlo,peor,6,0.00700717999861806,0.007087700003467,0.00030373978226453014,0.0065268000034848,0.0073274999958812,26636,3.859375
monte_carlo,peor,7,0.00688229999941536,0.0066130999985034,0.00060023357450806,0.0064017999975476,0.0078647999980603,30842,3.875
monte_carlo,peor,8,0.01040992000198452,0.0106749999977182,0.00064425624542854,0.0096250000060535,0.0109685999996145,51630,3.875
monte_carlo,peor,9,0.01267397999909004,0.0133217999973567,0.0015416206799056117,0.0103739000041969,0.0141826999970362,57945,3.890625
monte_carlo,peor,10,0.01564359999902076,0.015206299998681,0.0020148667627458384,0.0138998999973409,0.0190427000052295,84780,3.8984375
monte_carlo,peor,11,0.0176014400014537,0.0160749000060604,0.0029252686549450565,0.0148157000003266,0.021913399999903,93116,3.9140625
monte_carlo,peor,12,0.02883086000074398,0.0286978000003728,0.001337282734932003,0.0270664999989094,0.0308244000043487,125840,4.0640625
monte_carlo,peor,13,0.03046719999838382,0.026591499998176,0.007895781792096747,0.024158799998986,0.0438446999978623,136250,3.9609375
monte_carlo,peor,14,0.03953177999937902,0.0361553999973693,0.010941069148285363,0.0280106999998679,0.0563509999992675,174786,3.9609375
monte_carlo,peor,15,0.03236625999852542,0.0313203999976394,0.009624140886520824,0.0247789999993983,0.0485365999993518,187278,4.0078125
monte_carlo,peor,16,0.041376479997415984,0.0434695999938412,0.01232243295587735,0.0266875999950571,0.0589190000027883,231910,4.0078125
monte_carlo,peor,17,0.03711367999785574,0.0388267000016639,0.004121057770160271,0.0302299999966635,0.0408801999947172,246239,4.0234375
monte_carlo,peor,18,0.032327820001228205,0.0323408000040217,0.0009709658308487846,0.0310453999991295,0.0337320000035106,296912,4.0234375
monte_carlo,peor,19,0.035371900002064596,0.0351980000050389,0.002415565034512181,0.0330876000007265,0.0393406000002869,313504,4.0703125
monte_carlo,peor,20,0.03827913999994048,0.0377537999956985,0.000898381275231004,0.0375561000037123,0.0393853999994462,369819,5.96875
monte_carlo,peor,21,0.03930530000070572,0.0396820000023581,0.0012779415803173813,0.0379479000039282,0.0409590999988722,388026,5.984375
monte_carlo,peor,22,0.04447744000062808,0.0438012000013259,0.0010778383050962148,0.0435779000035836,0.0458426999975927,451050,5.984375
monte_carlo,peor,23,0.05538247999938898,0.0567417999991448,0.007138011787989204,0.0433658999972976,0.0615552000017487,470780,6.0
monte_carlo,peor,24,0.058416739999665825,0.0536464000033447,0.008087424469310026,0.051776799999061,0.0682079999969573,539814,6.0
monte_carlo,peor,25,0.05587713999848343,0.0544812000007368,0.005935353713232841,0.0511238999970373,0.0658412999982829,562320,6.046875
monte_carlo,peor,26,0.06126049999875246,0.061792599997716,0.004162511672128227,0.0573351999992155,0.0674615999960224,636684,6.046875
monte_carlo,promedio,4,0.0027911199998924933,0.0030681999996886,0.0016149476962175906,2.2599997464567423e-05,0.0040707000007387,6,3.3328125
monte_carlo,promedio,5,0.0012192599970148584,2.75999991572462e-05,0.001657639574767045,1.6699996194802225e-05,0.0033703999943099,10,3.565625
monte_carlo,promedio,6,0.0018406400020466885,5.1200004236307e-05,0.002494197309641687,3.8100006349850446e-05,0.0051146999976481,28,3.740625
monte_carlo,promedio,7,3.069999947911128e-05,2.919999678852037e-05,1.2175798528919962e-05,1.8300001102034003e-05,4.960000660503283e-05,20,3.834375
monte_carlo,promedio,8,6.16800010902744e-05,2.680000034160912e-05,6.034133516715762e-05,1.960000372491777e-05,0.0001619999966351,25,3.834375
monte_carlo,promedio,9,6.710000016027997e-05,2.680000034160912e-05,7.016470105320598e-05,1.9099999917671084e-05,0.0001851000051829,25,3.8546875
monte_carlo,promedio,10,6.27600005827704e-05,2.75999991572462e-05,5.842861294500828e-05,2.0500003302004188e-05,0.0001525999978184,40,3.8984375
monte_carlo,promedio,11,3.8040001527406275e-05,2.950000634882599e-05,1.5714897600644828e-05,2.179999864893034e-05,5.8099998568650335e-05,55,3.9140625
monte_carlo,promedio,12,5.839999794260846e-05,5.609999789157882e-05,3.241234573321853e-05,2.249999670311809e-05,0.000100500001281,57,3.9140625
monte_carlo,promedio,13,5.146000039530918e-05,4.410000110510737e-05,2.6308608789138018e-05,2.3500004317611456e-05,8.72999953571707e-05,73,3.9359375
monte_carlo,promedio,14,8.41799992485704e-05,8.150000212481245e-05,3.5335634545243864e-05,4.829999670619145e-05,0.0001262000005226,93,3.959375
monte_carlo,promedio,15,6.17600016994276e-05,2.6599998818710446e-05,6.728735339505438e-05,2.5300003471784294e-05,0.0001807000007829,97,3.9828125
monte_carlo,promedio,16,6.483999750343968e-05,5.219999729888514e-05,5.161184960615596e-05,2.609999501146376e-05,0.000153599998157,113,3.9890625
monte_carlo,promedio,17,0.0001234399998792964,0.0001264000020455,6.640514083784894e-05,2.859999949578196e-05,0.0002160999938496,126,4.0109375
monte_carlo,promedio,18,7.420000183626915e-05,4.520000220509246e-05,7.480748717432275e-05,2.890000178012997e-05,0.0002059000034932,132,4.0484375
monte_carlo,promedio,19,4.884000081801787e-05,4.650000482797623e-05,1.536775810518797e-05,3.229999856557697e-05,7.360000017797574e-05,135,6.0609375
monte_carlo,promedio,20,0.00014198000280881684,0.0001292000015382,7.51839549715203e-05,7.60000039008446e-05,0.0002587000053608,158,5.9375
monte_carlo,promedio,21,0.00013956000038886795,7.859999459469691e-05,0.00014877379977264624,3.4699995012488216e-05,0.0004007000025012,210,5.953125
monte_carlo,promedio,22,0.0001418600018950852,9.359999967273323e-05,0.0001045399109913368,5.490000330610201e-05,0.0002966000029118,210,5.953125
monte_carlo,promedio,23,8.554000087313545e-05,8.130000060191378e-05,5.331016068340552e-05,3.619999915827066e-05,0.0001640000045881,242,5.96875
monte_carlo,promedio,24,9.01999985217002e-05,6.0699996538460255e-05,6.9677469686781e-05,3.730000025825575e-05,0.0002114999952027,262,5.975
monte_carlo,promedio,25,8.29599986900465e-05,6.289999873843044e-05,6.496524489907605e-05,3.759999526664615e-05,0.0001947999990079,282,6.003125
monte_carlo,promedio,26,0.00010048000258390053,0.0001090000005206,1.4854530306614624e-05,7.729999924777076e-05,0.0001116000057663,315,6.003125
prog_dinamica,mejor,4,3.623999946285039e-05,3.480000304989517e-05,3.503283953388575e-06,3.279999509686604e-05,4.120000085094944e-05,96,1.625
prog_dinamica,mejor,5,7.938000053400173e-05,7.890000415500253e-05,1.4889584893091824e-06,7.79999973019585e-05,8.179999713320285e-05,320,3.390625
prog_dinamica,mejor,6,0.00021059999708082002,0.0002007000002777,2.2497776010617068e-05,0.0001973999969777,0.0002504999938537,960,10.3046875
prog_dinamica,mejor,7,0.00059825999924208,0.0005144999959156,0.00011797390617889682,0.0005105000018374,0.000748399994336,2688,26.3607421875
prog_dinamica,mejor,8,0.00161754000146166,0.0015361999976448,0.00025143782104597917,0.0013122000018483,0.0019733000008272,7168,60.5078125
prog_dinamica,mejor,9,0.00379889999894654,0.0040709999957471,0.0005509350905924041,0.0031718000027467,0.0044018999979016,18432,132.5859375
prog_dinamica,mejor,10,0.008633000000554562,0.0081829000046127,0.0010747403033809656,0.0075517000004765,0.0103400000007241,46080,285.6796875
prog_dinamica,mejor,11,0.02172487999923756,0.0207271999970544,0.0029971188871633627,0.0192400999949313,0.0262555000008433,112640,608.3046875
prog_dinamica,mejor,12,0.07434508000005732,0.0621081999997841,0.03153395047003461,0.0565172999995411,0.1303141999960644,270336,1277.2421875
prog_dinamica,mejor,13,0.12065279999951598,0.1029835000008461,0.03915739897307828,0.0989724000028218,0.1903748999975505,638976,2688.23125
prog_dinamica,mejor,14,0.2702225799992447,0.2410283999997773,0.06771941331455782,0.2376866999984486,0.3913175999987288,1490944,5639.58125
prog_dinamica,mejor,15,0.5451200199997401,0.5431610000014189,0.01633906033100792,0.5226716000033775,0.5676086999956169,3440640,11803.2421875
prog_dinamica,mejor,16,1.3113046200000098,1.3333545999994385,0.05574695955705986,1.2222580000016023,1.366413299998385,7864320,24648.95
prog_dinamica,mejor,17,3.1936495199988713,3.038300400003209,0.4976971596876748,2.8638334999996005,4.064509499999986,17825792,51378.9359375
prog_dinamica,peor,4,1.9299999985378234e-05,1.8799997633323077e-05,1.2922829555455722e-06,1.8600003386382014e-05,2.1599997126031667e-05,24,1.625
prog_dinamica,peor,5,3.6899998667649926e-05,2.970000059576705e-05,1.6155958837503438e-05,2.9499999072868377e-05,6.579999899258837e-05,40,3.390625
prog_dinamica,peor,6,9.999999892896456e-05,9.019999561132865e-05,1.9880014359839065e-05,8.340000204043463e-05,0.0001284999962081,240,10.3046875
prog_dinamica,peor,7,0.00016460000042568002,0.0001576000067871,1.6143264322317768e-05,0.0001531000016257,0.0001919999995152,420,26.3203125
prog_dinamica,peor,8,0.00047397999878736,0.0004461999997147,6.59403270373569e-05,0.0004410999972606,0.0005917999951634,1680,60.5078125
prog_dinamica,peor,9,0.0008659800005261399,0.0008310999983223,8.432542291263487e-05,0.0008230000021285,0.0010167000000365,3024,132.5859375
prog_dinamica,peor,10,0.0031235600006766203,0.0032741999966674,0.000737466746338299,0.0023431000008713,0.0038232000006246,10080,286.341015625
prog_dinamica,peor,11,0.00534433999710014,0.0050474000017857,0.001047714815684801,0.0046243999968282,0.007190599993919,18480,608.3357421875
prog_dinamica,peor,12,0.01303746000194218,0.0130625999954645,0.00041701672361593874,0.0124436000041896,0.0135931000040727,55440,1277.21875
prog_dinamica,peor,13,0.03468827999895434,0.036989000000176,0.005587087746048845,0.0270903999989968,0.0410025000019231,102960,2687.9953125
prog_dinamica,peor,14,0.12101509999920376,0.0937305999977979,0.04984403316158974,0.0772326000005705,0.1871613999974215,288288,5639.865625
prog_dinamica,peor,15,0.19699927999899952,0.1759899000026052,0.08570824623492912,0.1294381999978213,0.3399412999933702,540540,11802.7109375
prog_dinamica,peor,16,0.37229103999998187,0.3947426000013365,0.05203555361237377,0.3147347999984049,0.4332132999988971,1441440,24648.396875
prog_dinamica,peor,17,1.2521381400016254,0.7513488000040525,1.0973627738813208,0.7495542000033311,3.2148576000035973,2722720,51378.2859375
prog_dinamica,peor,18,1.871592919997056,1.8425512999965576,0.14000177587922966,1.7447020999970846,2.1020874999958323,7001280,106915.61875
prog_dinamica,peor,19,3.872116419998929,3.86372190000111,0.16740099915232137,3.6547789000032935,4.05406789999688,13302432,222148.20625
prog_dinamica,promedio,4,0.0001448399998480282,2.0799998310394585e-05,0.0002794371885831199,1.750000228639692e-05,0.0006446999977924,12,1.625
prog_dinamica,promedio,5,6.859999848527922e-05,4.799999442184344e-05,4.822198542354545e-05,2.6699999580159783e-05,0.0001294999965466,12,3.390625
prog_dinamica,promedio,6,0.00041135999927061317,0.0001204000000143,0.0006816152220696324,7.280000136233866e-05,0.0016296999965561,48,10.3046875
prog_dinamica,promedio,7,0.0002374000003328,0.0002384999970672,5.860797726511402e-05,0.0001811999973142,0.0003219999998691,378,26.3203125
prog_dinamica,promedio,8,0.00057320000050818,0.000534200000402,0.0001640000753296832,0.0004316000049584,0.0008514000001014,1250,60.5078125
prog_dinamica,promedio,9,0.0011523199980728802,0.0009982000046875,0.0005304895219955483,0.0007935999965411,0.0020867999992333,1984,132.5859375
prog_dinamica,promedio,10,0.0034074600000167004,0.0031154000025708,0.0009354320341394458,0.0024661999996169,0.004845600000408,9143,286.5060546875
prog_dinamica,promedio,11,0.00953395999968046,0.0089071000038529,0.002712797353532113,0.0059290999997756,0.0122555999987525,19488,608.5732421875
prog_dinamica,promedio,12,0.01836497999902342,0.01775450000423,0.0036940054933538025,0.0130576999945333,0.0223842999985208,32119,1277.2421875
prog_dinamica,promedio,13,0.06904814000008622,0.0712248999989242,0.01319374040390283,0.0546476000017719,0.0853093000041553,179870,2688.0078125
prog_dinamica,promedio,14,0.1360963799990713,0.1025981999991927,0.06481832599114863,0.081402199997683,0.2142922999992151,340935,5639.7890625
prog_dinamica,promedio,15,0.30823254000133604,0.2975203000023612,0.05473568296315274,0.2579511000003549,0.3888373000008869,1208421,11802.9640625
prog_dinamica,promedio,16,0.7488854200011701,0.735447800005204,0.1355021860816414,0.5947693999987678,0.9500388000014937,2444443,24649.0078125
prog_dinamica,promedio,17,1.7513795599967126,1.7331060999931651,0.3098893362195091,1.4967975999970804,2.261679199997161,6827842,51378.6890625
prog_dinamica,promedio,18,3.8458013199997367,3.881700599995384,0.6677417362373528,2.8714025000008405,4.660864199999196,13396931,106915.8765625
rubin,mejor,4,2.15000007301569e-05,2.1400002879090607e-05,7.382430784203077e-07,2.0699997548945248e-05,2.2400003217626363e-05,63,2.3828125
rubin,mejor,5,3.0139999580569565e-05,2.9800001357216388e-05,1.1653317974970903e-06,2.8800001018680632e-05,3.149999974993989e-05,128,3.625
rubin,mejor,6,5.5519999295926574e-05,4.099999932805076e-05,3.372554038721207e-05,3.879999712808058e-05,0.0001158000013674,225,3.8046875
rubin,mejor,7,5.317999894032255e-05,5.300000339047983e-05,1.2336940705120122e-06,5.1399998483248055e-05,5.439999949885532e-05,360,3.9453125
rubin,mejor,8,0.00010762000019892885,0.0001082000017049,4.076348696152141e-05,6.600000051548705e-05,0.0001556999995955,539,4.0859375
rubin,mejor,9,0.00014216000126904114,9.4299997726921e-05,8.99297410407186e-05,8.930000331019983e-05,0.0002989000058732,768,4.6953125
rubin,mejor,10,0.00010876000014826001,0.000109100001282,7.987476799754799e-07,0.0001074000028893,0.0001093000028049,1053,4.8203125
rubin,mejor,11,0.00013440000038824002,0.000134000001708,1.067706414880164e-06,0.0001332000028924,0.0001358000008622,1400,4.9609375
rubin,mejor,12,0.0001764599990565,0.0001738999999361,1.5812114982659076e-05,0.000164400000358,0.0002032999982475,1815,5.1953125
rubin,mejor,13,0.00019806000200327999,0.0001970000012079,5.630986199401655e-06,0.0001934000028995,0.0002077000026474,2304,5.4140625
rubin,mejor,14,0.0002538400003686,0.000237799999013,2.7855395581701832e-05,0.0002324000015505,0.0002956000025733,2873,5.6953125
rubin,mejor,15,0.00030125999910522,0.0002842000030796,5.0112404579996225e-05,0.000270399999863,0.0003899000003002,3528,5.8671875
rubin,mejor,16,0.00038056000194042,0.0003246000051149,0.000123920185698207,0.0003176000027451,0.0006016999977873,4275,6.1953125
rubin,mejor,17,0.00041326000064139995,0.0003904999975929,4.490838547029721e-05,0.0003724000052898,0.0004712000009021,5120,6.3828125
rubin,mejor,18,0.00045558000128942,0.000436800000898,4.2493788025022224e-05,0.0004335999983595,0.0005315000016707,6069,6.7578125
rubin,mejor,19,0.0004992400004993601,0.0005004999984521,3.2276893442375516e-06,0.0004939000064041,0.0005020999960834,7128,8.7265625
rubin,mejor,20,0.00067110000090902,0.0006014000027789,0.00012748342961091386,0.0005581000004895,0.0008226999998441,8303,8.984375
rubin,mejor,21,0.00066082000121238,0.0006472000022768,4.587196542698381e-05,0.0006290000019362,0.0007413000057567,9600,9.5716796875
rubin,mejor,22,0.00075301999895598,0.0007339000003412,7.675784715177631e-05,0.0007015999944997,0.0008877000000211,11025,9.453125
rubin,peor,4,1.5380000695586206e-05,1.2600001355167478e-05,5.265644351351643e-06,1.170000177808106e-05,2.4100001610349864e-05,8,1.8873046875
rubin,peor,5,2.2479999461211265e-05,2.2199994418770075e-05,1.2557884043729103e-06,2.11000005947426e-05,2.4400003894697875e-05,10,2.265625
rubin,peor,6,0.00017912000184872,0.0001793000046745,6.610590654728059e-07,0.0001782000035746,0.0001798000012058,592,3.9453125
rubin,peor,7,0.00029916000203222,0.0002853000041795,5.0567757418783e-05,0.0002606999987619,0.0003854000024148,910,3.9921875
rubin,peor,8,0.00345482000120678,0.0034838999999919,0.00024944188250908706,0.0031554000015603,0.0037202000021352,14520,4.4890625
rubin,peor,9,0.00628392000216986,0.0061832000064896,0.00031444383692406176,0.0059961000006296,0.0067976999998791,25524,4.5390625
rubin,peor,10,0.10590632000239561,0.105187900000601,0.018571077289375355,0.0847534999993513,0.1286188000012771,450720,4.6171875
rubin,peor,11,0.23858635999931715,0.2440764999992097,0.05604422571529353,0.1827772999968147,0.3163140000033309,912688,4.88125
rubin,peor,12,3.3504876199993303,3.327953299994988,0.08308852960715933,3.2629180000003544,3.4874391999983345,19215840,5.7578125
rubin,promedio,4,2.8479998582042755e-05,2.61999957729131e-05,1.4683902019718792e-05,1.550000160932541e-05,5.339999916031957e-05,10,1.9234375
rubin,promedio,5,3.1819999276194724e-05,3.03999986499548e-05,1.5088137640875855e-05,1.850000262493268e-05,5.559999408433214e-05,9,3.071875
rubin,promedio,6,4.350000090198591e-05,4.320000152802095e-05,2.19846536600725e-05,1.5100005839485677e-05,6.9500005338341e-05,4,3.3703125
rubin,promedio,7,0.00011754000006475906,8.439999510301277e-05,8.525255674770889e-05,6.70000008540228e-05,0.0002692000052775,166,4.0046875
rubin,promedio,8,0.00018434000085102,0.0001338000001851,0.00010976599196199103,0.000111300003482,0.0003767000016523,338,4.2734375
rubin,promedio,9,0.00017502000264354919,9.390000195708126e-05,0.00014540588756524112,7.570000161649659e-05,0.000414100002672,298,4.5234375
rubin,promedio,10,0.00031326000316762,0.0001842000056058,0.0002572296795087352,0.0001220000049215,0.0007420000038109,562,4.6328125
rubin,promedio,11,0.00013333999813762,0.0001370999962091,1.0988309340815159e-05,0.0001141000029747,0.0001419999971403,587,4.7546875
rubin,promedio,12,0.00028711999766524,0.0001591999971424,0.00018322564532813684,0.0001577000002725,0.0005521999992197,894,4.8765625
rubin,promedio,13,0.00022327999904512,0.0002091999995172,5.948648311653592e-05,0.0001683000009506,0.0002966999963973,1111,5.0984375
rubin,promedio,14,0.00031715999939474,0.0003171999996993,4.1397442370281184e-05,0.0002753000007942,0.000383900005545,1298,5.1859375
rubin,promedio,15,0.00035886000114254,0.0003512000039336,6.0643615794782965e-05,0.0003049000006285,0.0004610000032698,1798,5.3828125
rubin,promedio,16,0.00039080000133248,0.0003653000021586,6.689734697887695e-05,0.000329700000293,0.000501800001075,1881,5.5578125
rubin,promedio,17,0.00046586000098608005,0.0004450999986147,0.000147243889624411,0.0003131999983452,0.0007100000002537,2453,5.6953125
rubin,promedio,18,0.00052521999896268,0.000540799999726,0.00018118181926564378,0.0003319999959785,0.0007705999960307,2843,6.1578125
rubin,promedio,19,0.0006011399978887801,0.0005499999970197,0.00013582039079744446,0.000480199996673,0.00082200000179,3304,8.6515625
rubin,promedio,20,0.00055629999988006,0.0005139999993843,0.00016407327460215803,0.0004186000005574,0.000832799996715,3599,8.83125
rubin,promedio,21,0.00060855999763586,0.0006072999967727,7.889672239069175e-05,0.0004881999993813,0.0006967999943299,4647,9.0
rubin,promedio,22,0.0007065999991027,0.000706099999661,8.627731322255671e-05,0.0005921999982092,0.0008277999950223,5115,9.7021484375
